Date,Time,LogType,CurrentStatus,LatchedStatus,GeneralStatus,ProductNumber,BPMSet,TargetWeight,FullBagCount,TotalDumpWeight,IF5_CurrentStatus,IF5_WarningStatus,IF5_HopperLevel,IF5_TotalBase,IF5_TotalDry,IF5_TotalLIS,IF5_Total,IF5_DryPercent,IF5_OilPercent,IF5_LISPercent,IF5_WC_ConversionFactor
18/06/2021,06:06:14,T,300,12,3,1,50,151,0,0,0,0,0,0,0,0,0,0,0,0,0
18/06/2021,06:06:45,T,300,12,3,1,50,151,0,0,0,0,0,0,0,0,0,0,0,0,0
18/06/2021,06:07:03,S,600,12,1,1,50,151,0,0,0,0,0,0,0,0,0,0,0,0,0
18/06/2021,06:07:05,S,650,650,2,1,50,151,0,0,0,0,0,0,0,0,0,0,0,0,0
18/06/2021,06:07:36,T,650,650,2,1,50,151,0,0,0,0,0,0,0,0,0,0,0,0,0
18/06/2021,06:08:07,T,650,650,2,1,50,151,2,302,0,0,0,0,0,0,0,0,0,0,0
18/06/2021,06:08:37,T,650,650,2,1,50,151,2,302,0,0,0,0,0,0,0,0,0,0,0
18/06/2021,06:09:08,T,650,650,2,1,50,151,2,302,0,0,0,0,0,0,0,0,0,0,0
18/06/2021,06:09:39,T,650,650,2,1,50,151,6,907,0,0,0,0,0,0,0,0,0,0,0
18/06/2021,06:10:10,T,650,650,2,1,50,151,6,907,0,0,0,0,0,0,0,0,0,0,0
18/06/2021,06:10:41,T,650,650,2,1,50,151,7,1058,0,0,0,0,0,0,0,0,0,0,0
18/06/2021,06:11:01,S,692,650,3,1,50,151,7,1058,0,0,0,0,0,0,0,0,0,0,0
18/06/2021,06:11:03,S,190,12,3,1,50,151,7,1058,0,0,0,0,0,0,0,0,0,0,0
18/06/2021,06:11:34,T,190,12,3,1,50,151,7,1058,0,0,0,0,0,0,0,0,0,0,0
18/06/2021,06:12:05,T,190,12,3,1,50,151,7,1058,0,0,0,0,0,0,0,0,0,0,0
18/06/2021,06:12:13,S,191,12,3,1,50,151,7,1058,0,0,0,0,0,0,0,0,0,0,0
18/06/2021,06:12:17,S,650,650,1,1,50,151,8,1360,0,0,0,0,0,0,0,0,0,0,0
18/06/2021,06:12:21,S,692,12,3,1,50,151,9,1511,0,0,0,0,0,0,0,0,0,0,0
18/06/2021,06:12:25,S,190,12,3,1,50,151,9,1511,0,0,0,0,0,0,0,0,0,0,0
18/06/2021,06:12:56,T,190,12,3,1,50,151,9,1511,0,0,0,0,0,0,0,0,0,0,0
18/06/2021,06:13:27,T,190,12,3,1,50,151,9,1511,0,0,0,0,0,0,0,0,0,0,0
18/06/2021,06:13:31,S,191,12,3,1,50,151,9,1511,0,0,0,0,0,0,0,0,0,0,0
18/06/2021,06:13:35,S,650,650,1,1,50,151,10,1662,0,0,0,0,0,0,0,0,0,0,0
18/06/2021,06:14:06,T,650,650,1,1,50,151,36,5590,0,0,0,0,0,0,0,0,0,0,0
18/06/2021,06:14:37,T,650,650,1,1,50,151,62,9518,0,0,0,0,0,0,0,0,0,0,0
18/06/2021,06:14:49,S,692,650,3,1,50,151,70,10726,0,0,0,0,0,0,0,0,0,0,0
18/06/2021,06:14:51,S,300,300,3,1,50,151,71,10726,0,0,0,0,0,0,0,0,0,0,0
18/06/2021,06:15:22,T,300,300,3,1,50,151,71,10726,0,0,0,0,0,0,0,0,0,0,0
18/06/2021,06:15:32,S,550,300,3,1,50,151,71,10726,0,0,0,0,0,0,0,0,0,0,0
18/06/2021,06:15:42,S,300,300,3,1,50,151,71,10726,0,0,0,0,0,0,0,0,0,0,0
18/06/2021,06:15:51,S,450,300,3,1,50,151,71,10726,0,0,0,0,0,0,0,0,0,0,0
18/06/2021,06:15:53,S,300,300,3,1,50,151,71,10726,0,0,0,0,0,0,0,0,0,0,0
18/06/2021,06:15:55,S,450,300,3,1,50,151,71,10726,0,0,0,0,0,0,0,0,0,0,0
18/06/2021,06:15:57,S,300,300,3,1,50,151,71,10726,0,0,0,0,0,0,0,0,0,0,0
18/06/2021,06:16:25,S,550,300,3,1,50,151,71,10726,0,0,0,0,0,0,0,0,0,0,0
18/06/2021,06:16:32,S,600,300,1,1,50,151,71,10726,0,0,0,0,0,0,0,0,0,0,0
18/06/2021,06:16:38,S,650,650,1,1,50,151,71,10877,0,0,0,0,0,0,0,0,0,0,0
18/06/2021,06:17:09,T,650,650,1,1,50,151,96,14653,0,0,0,0,0,0,0,0,0,0,0
18/06/2021,06:17:39,T,650,650,1,1,50,151,121,18580,0,0,0,0,0,0,0,0,0,0,0
18/06/2021,06:17:58,S,12,12,3,1,50,151,136,20544,0,0,0,0,0,0,0,0,0,0,0
18/06/2021,06:18:00,S,650,650,1,1,50,151,136,20544,0,0,0,0,0,0,0,0,0,0,0
18/06/2021,06:18:31,T,650,650,1,1,50,151,159,24170,0,0,0,0,0,0,0,0,0,0,0
18/06/2021,06:19:01,T,650,650,1,1,50,151,184,27947,0,0,0,0,0,0,0,0,0,0,0
18/06/2021,06:19:32,T,650,650,1,1,50,151,210,31875,0,0,0,0,0,0,0,0,0,0,0
18/06/2021,06:20:03,T,650,650,1,1,50,151,236,35802,0,0,0,0,0,0,0,0,0,0,0
18/06/2021,06:20:34,T,650,650,1,1,50,151,261,39578,0,0,0,0,0,0,0,0,0,0,0
18/06/2021,06:21:05,T,650,650,1,1,50,151,287,43505,0,0,0,0,0,0,0,0,0,0,0
18/06/2021,06:21:35,T,650,650,1,1,50,151,313,47432,0,0,0,0,0,0,0,0,0,0,0
18/06/2021,06:22:06,T,650,650,1,1,50,151,338,51207,0,0,0,0,0,0,0,0,0,0,0
18/06/2021,06:22:20,S,190,12,3,1,50,151,348,52718,0,0,0,0,0,0,0,0,0,0,0
18/06/2021,06:22:51,T,190,12,3,1,50,151,348,52718,0,0,0,0,0,0,0,0,0,0,0
18/06/2021,06:23:12,S,191,12,3,1,50,151,348,52718,0,0,0,0,0,0,0,0,0,0,0
18/06/2021,06:23:16,S,650,650,1,1,50,151,350,53020,0,0,0,0,0,0,0,0,0,0,0
18/06/2021,06:23:47,T,650,650,1,1,50,151,375,56796,0,0,0,0,0,0,0,0,0,0,0
18/06/2021,06:24:17,T,650,650,1,1,50,151,401,60723,0,0,0,0,0,0,0,0,0,0,0
18/06/2021,06:24:48,T,650,650,1,1,50,151,427,64651,0,0,0,0,0,0,0,0,0,0,0
18/06/2021,06:25:19,T,650,650,1,1,50,151,451,68275,0,0,0,0,0,0,0,0,0,0,0
18/06/2021,06:25:50,T,650,650,1,1,50,151,477,72202,0,0,0,0,0,0,0,0,0,0,0
18/06/2021,06:26:21,T,650,650,1,1,50,151,502,75978,0,0,0,0,0,0,0,0,0,0,0
18/06/2021,06:26:51,T,650,650,1,1,50,151,523,78998,0,0,0,0,0,0,0,0,0,0,0
18/06/2021,06:27:22,T,650,650,1,1,50,151,547,82774,0,0,0,0,0,0,0,0,0,0,0
18/06/2021,06:27:53,T,650,650,1,1,50,151,567,85794,0,0,0,0,0,0,0,0,0,0,0
18/06/2021,06:28:24,T,650,650,1,1,50,151,589,89117,0,0,0,0,0,0,0,0,0,0,0
18/06/2021,06:28:55,T,650,650,1,1,50,151,609,91987,0,0,0,0,0,0,0,0,0,0,0
18/06/2021,06:29:25,T,650,650,1,1,50,151,632,95612,0,0,0,0,0,0,0,0,0,0,0
18/06/2021,06:29:56,T,650,650,1,1,50,151,650,98331,0,0,0,0,0,0,0,0,0,0,0
18/06/2021,06:30:27,T,650,650,1,1,50,151,668,101052,0,0,0,0,0,0,0,0,0,0,0
18/06/2021,06:30:58,T,650,650,1,1,50,151,684,103468,0,0,0,0,0,0,0,0,0,0,0
18/06/2021,06:31:29,T,650,650,1,1,50,151,702,106187,0,0,0,0,0,0,0,0,0,0,0
18/06/2021,06:31:59,T,650,650,1,1,50,151,723,109358,0,0,0,0,0,0,0,0,0,0,0
18/06/2021,06:32:30,T,650,650,2,1,50,151,738,111473,0,0,0,0,0,0,0,0,0,0,0
18/06/2021,06:33:01,T,650,650,1,1,50,151,753,113892,0,0,0,0,0,0,0,0,0,0,0
18/06/2021,06:33:32,T,650,650,1,1,50,151,768,116158,0,0,0,0,0,0,0,0,0,0,0
18/06/2021,06:34:02,T,650,650,1,1,50,151,787,118876,0,0,0,0,0,0,0,0,0,0,0
18/06/2021,06:34:33,T,650,650,2,1,50,151,803,121292,0,0,0,0,0,0,0,0,0,0,0
18/06/2021,06:35:04,T,650,650,1,1,50,151,823,124313,0,0,0,0,0,0,0,0,0,0,0
18/06/2021,06:35:35,T,650,650,1,1,50,151,845,127787,0,0,0,0,0,0,0,0,0,0,0
18/06/2021,06:36:06,T,650,650,1,1,50,151,865,130958,0,0,0,0,0,0,0,0,0,0,0
18/06/2021,06:36:36,T,650,650,1,1,50,151,884,133678,0,0,0,0,0,0,0,0,0,0,0
18/06/2021,06:37:07,T,650,650,1,1,50,151,901,136246,0,0,0,0,0,0,0,0,0,0,0
18/06/2021,06:37:38,T,650,650,1,1,50,151,923,139418,0,0,0,0,0,0,0,0,0,0,0
18/06/2021,06:38:09,T,650,650,2,1,50,151,929,140324,0,0,0,0,0,0,0,0,0,0,0
18/06/2021,06:38:40,T,650,650,1,1,50,151,943,142589,0,0,0,0,0,0,0,0,0,0,0
18/06/2021,06:39:10,T,650,650,2,1,50,151,957,144553,0,0,0,0,0,0,0,0,0,0,0
18/06/2021,06:39:41,T,650,650,2,1,50,151,973,147124,0,0,0,0,0,0,0,0,0,0,0
18/06/2021,06:40:12,T,650,650,2,1,50,151,985,148786,0,0,0,0,0,0,0,0,0,0,0
18/06/2021,06:40:43,T,650,650,2,1,50,151,995,150296,0,0,0,0,0,0,0,0,0,0,0
18/06/2021,06:41:13,T,650,650,1,1,50,151,1010,152714,0,0,0,0,0,0,0,0,0,0,0
18/06/2021,06:41:44,T,650,650,1,1,50,151,1019,154073,0,0,0,0,0,0,0,0,0,0,0
18/06/2021,06:42:15,T,650,650,1,1,50,151,1031,155889,0,0,0,0,0,0,0,0,0,0,0
18/06/2021,06:42:46,T,650,650,1,1,50,151,1041,157400,0,0,0,0,0,0,0,0,0,0,0
18/06/2021,06:43:17,T,650,650,2,1,50,151,1054,159212,0,0,0,0,0,0,0,0,0,0,0
18/06/2021,06:43:47,T,650,650,1,1,50,151,1067,161177,0,0,0,0,0,0,0,0,0,0,0
18/06/2021,06:44:18,T,650,650,1,1,50,151,1082,163444,0,0,0,0,0,0,0,0,0,0,0
18/06/2021,06:44:49,T,650,650,2,1,50,151,1087,164199,0,0,0,0,0,0,0,0,0,0,0
18/06/2021,06:45:20,T,650,650,1,1,50,151,1100,166322,0,0,0,0,0,0,0,0,0,0,0
18/06/2021,06:45:51,T,650,650,1,1,50,151,1113,168287,0,0,0,0,0,0,0,0,0,0,0
18/06/2021,06:46:21,T,650,650,2,1,50,151,1133,171162,0,0,0,0,0,0,0,0,0,0,0
18/06/2021,06:46:52,T,650,650,2,1,50,151,1152,174032,0,0,0,0,0,0,0,0,0,0,0
18/06/2021,06:47:23,T,650,650,1,1,50,151,1168,176450,0,0,0,0,0,0,0,0,0,0,0
18/06/2021,06:47:54,T,650,650,1,1,50,151,1189,179622,0,0,0,0,0,0,0,0,0,0,0
18/06/2021,06:48:24,T,650,650,1,1,50,151,1209,182796,0,0,0,0,0,0,0,0,0,0,0
18/06/2021,06:48:55,T,650,650,1,1,50,151,1230,185968,0,0,0,0,0,0,0,0,0,0,0
18/06/2021,06:49:26,T,650,650,1,1,50,151,1244,188084,0,0,0,0,0,0,0,0,0,0,0
18/06/2021,06:49:57,T,650,650,1,1,50,151,1262,190804,0,0,0,0,0,0,0,0,0,0,0
18/06/2021,06:50:28,T,650,650,1,1,50,151,1268,191562,0,0,0,0,0,0,0,0,0,0,0
18/06/2021,06:50:58,T,650,650,1,1,50,151,1290,194888,0,0,0,0,0,0,0,0,0,0,0
18/06/2021,06:51:29,T,650,650,1,1,50,151,1311,198211,0,0,0,0,0,0,0,0,0,0,0
18/06/2021,06:52:00,T,650,650,1,1,50,151,1331,201232,0,0,0,0,0,0,0,0,0,0,0
18/06/2021,06:52:31,T,650,650,1,1,50,151,1351,204404,0,0,0,0,0,0,0,0,0,0,0
18/06/2021,06:53:02,T,650,650,2,1,50,151,1365,206368,0,0,0,0,0,0,0,0,0,0,0
18/06/2021,06:53:32,T,650,650,2,1,50,151,1384,209240,0,0,0,0,0,0,0,0,0,0,0
18/06/2021,06:54:03,T,650,650,1,1,50,151,1405,212563,0,0,0,0,0,0,0,0,0,0,0
18/06/2021,06:54:34,T,650,650,1,1,50,151,1425,215585,0,0,0,0,0,0,0,0,0,0,0
18/06/2021,06:55:05,T,650,650,1,1,50,151,1449,219211,0,0,0,0,0,0,0,0,0,0,0
18/06/2021,06:55:35,T,650,650,1,1,50,151,1464,221480,0,0,0,0,0,0,0,0,0,0,0
18/06/2021,06:56:06,T,650,650,1,1,50,151,1481,224049,0,0,0,0,0,0,0,0,0,0,0
18/06/2021,06:56:37,T,650,650,1,1,50,151,1503,227373,0,0,0,0,0,0,0,0,0,0,0
18/06/2021,06:57:08,T,650,650,1,1,50,151,1520,229942,0,0,0,0,0,0,0,0,0,0,0
18/06/2021,06:57:39,T,650,650,1,1,50,151,1539,232812,0,0,0,0,0,0,0,0,0,0,0
18/06/2021,06:58:09,T,650,650,1,1,50,151,1559,235683,0,0,0,0,0,0,0,0,0,0,0
18/06/2021,06:58:40,T,650,650,2,1,50,151,1576,238252,0,0,0,0,0,0,0,0,0,0,0
18/06/2021,06:58:42,S,692,12,3,1,50,151,1576,238252,0,0,0,0,0,0,0,0,0,0,0
18/06/2021,06:58:44,S,190,12,3,1,50,151,1576,238252,0,0,0,0,0,0,0,0,0,0,0
18/06/2021,06:59:15,T,190,12,3,1,50,151,1576,238252,0,0,0,0,0,0,0,0,0,0,0
18/06/2021,06:59:19,S,191,12,1,1,50,151,1576,238252,0,0,0,0,0,0,0,0,0,0,0
18/06/2021,06:59:21,S,650,650,1,1,50,151,1576,238403,0,0,0,0,0,0,0,0,0,0,0
18/06/2021,06:59:52,T,650,650,1,1,50,151,1598,241728,0,0,0,0,0,0,0,0,0,0,0
18/06/2021,07:00:23,T,650,650,1,1,50,151,1612,243843,0,0,0,0,0,0,0,0,0,0,0
18/06/2021,07:00:54,T,650,650,1,1,50,151,1631,246715,0,0,0,0,0,0,0,0,0,0,0
18/06/2021,07:01:24,T,650,650,1,1,50,151,1647,249132,0,0,0,0,0,0,0,0,0,0,0
18/06/2021,07:01:55,T,650,650,2,1,50,151,1664,251549,0,0,0,0,0,0,0,0,0,0,0
18/06/2021,07:02:26,T,650,650,1,1,50,151,1682,254419,0,0,0,0,0,0,0,0,0,0,0
18/06/2021,07:02:36,S,6,6,3,1,50,151,1686,255023,0,0,0,0,0,0,0,0,0,0,0
18/06/2021,07:02:40,S,300,6,3,1,50,151,1686,255023,0,0,0,0,0,0,0,0,0,0,0
18/06/2021,07:02:42,S,600,6,1,1,50,151,1687,255023,0,0,0,0,0,0,0,0,0,0,0
18/06/2021,07:02:44,S,650,650,1,1,50,151,1687,255174,0,0,0,0,0,0,0,0,0,0,0
18/06/2021,07:03:15,T,650,650,2,1,50,151,1707,258049,0,0,0,0,0,0,0,0,0,0,0
18/06/2021,07:03:46,T,650,650,1,1,50,151,1728,261373,0,0,0,0,0,0,0,0,0,0,0
18/06/2021,07:04:17,T,650,650,1,1,50,151,1750,264697,0,0,0,0,0,0,0,0,0,0,0
18/06/2021,07:04:48,T,650,650,1,1,50,151,1765,266962,0,0,0,0,0,0,0,0,0,0,0
18/06/2021,07:05:18,T,650,650,1,1,50,151,1783,269683,0,0,0,0,0,0,0,0,0,0,0
18/06/2021,07:05:49,T,650,650,1,1,50,151,1803,272554,0,0,0,0,0,0,0,0,0,0,0
18/06/2021,07:06:20,T,650,650,1,1,50,151,1822,275575,0,0,0,0,0,0,0,0,0,0,0
18/06/2021,07:06:51,T,650,650,1,1,50,151,1842,278595,0,0,0,0,0,0,0,0,0,0,0
18/06/2021,07:07:22,T,650,650,2,1,50,151,1866,282070,0,0,0,0,0,0,0,0,0,0,0
18/06/2021,07:07:52,T,650,650,2,1,50,151,1882,284486,0,0,0,0,0,0,0,0,0,0,0
18/06/2021,07:08:23,T,650,650,2,1,50,151,1884,284788,0,0,0,0,0,0,0,0,0,0,0
18/06/2021,07:08:54,T,650,650,1,1,50,151,1888,285543,0,0,0,0,0,0,0,0,0,0,0
18/06/2021,07:09:16,S,692,650,1,1,50,151,1898,287206,0,0,0,0,0,0,0,0,0,0,0
18/06/2021,07:09:19,S,40,40,3,1,50,151,1898,287206,0,0,0,0,0,0,0,0,0,0,0
18/06/2021,07:09:29,S,300,40,3,1,50,151,1898,287206,0,0,0,0,0,0,0,0,0,0,0
18/06/2021,07:09:37,S,550,40,3,1,50,151,1898,287206,0,0,0,0,0,0,0,0,0,0,0
18/06/2021,07:09:39,S,600,40,1,1,50,151,1898,287206,0,0,0,0,0,0,0,0,0,0,0
18/06/2021,07:09:41,S,650,650,1,1,50,151,1900,287357,0,0,0,0,0,0,0,0,0,0,0
18/06/2021,07:10:12,T,650,650,1,1,50,151,1923,290831,0,0,0,0,0,0,0,0,0,0,0
18/06/2021,07:10:43,T,650,650,1,1,50,151,1943,293701,0,0,0,0,0,0,0,0,0,0,0
18/06/2021,07:11:13,T,650,650,1,1,50,151,1965,297174,0,0,0,0,0,0,0,0,0,0,0
18/06/2021,07:11:44,T,650,650,1,1,50,151,1988,300648,0,0,0,0,0,0,0,0,0,0,0
18/06/2021,07:12:15,T,650,650,1,1,50,151,2009,303819,0,0,0,0,0,0,0,0,0,0,0
18/06/2021,07:12:46,T,650,650,2,1,50,151,2029,306840,0,0,0,0,0,0,0,0,0,0,0
18/06/2021,07:13:17,T,650,650,1,1,50,151,2050,310012,0,0,0,0,0,0,0,0,0,0,0
18/06/2021,07:13:45,S,692,650,1,1,50,151,2070,313032,0,0,0,0,0,0,0,0,0,0,0
18/06/2021,07:13:47,S,9,9,3,1,50,151,2070,313032,0,0,0,0,0,0,0,0,0,0,0
18/06/2021,07:14:18,T,9,9,3,1,50,151,2070,313032,0,0,0,0,0,0,0,0,0,0,0
18/06/2021,07:14:49,T,9,9,3,1,50,151,2070,313032,0,0,0,0,0,0,0,0,0,0,0
18/06/2021,07:14:57,S,325,9,3,1,50,151,2070,313032,0,0,0,0,0,0,0,0,0,0,0
18/06/2021,07:15:28,T,325,9,3,1,50,151,2070,313032,0,0,0,0,0,0,0,0,0,0,0
18/06/2021,07:15:44,S,300,9,3,1,50,151,2070,313032,0,0,0,0,0,0,0,0,0,0,0
18/06/2021,07:15:46,S,600,9,1,1,50,151,2070,313032,0,0,0,0,0,0,0,0,0,0,0
18/06/2021,07:15:53,S,650,650,3,1,50,151,2071,313032,0,0,0,0,0,0,0,0,0,0,0
18/06/2021,07:15:59,S,692,650,3,1,50,151,2074,313637,0,0,0,0,0,0,0,0,0,0,0
18/06/2021,07:16:01,S,7,7,3,1,50,151,2074,313637,0,0,0,0,0,0,0,0,0,0,0
18/06/2021,07:16:03,S,300,7,3,1,50,151,2074,313637,0,0,0,0,0,0,0,0,0,0,0
18/06/2021,07:16:05,S,550,7,3,1,50,151,2075,313637,0,0,0,0,0,0,0,0,0,0,0
18/06/2021,07:16:23,S,600,7,1,1,50,151,2075,313637,0,0,0,0,0,0,0,0,0,0,0
18/06/2021,07:16:28,S,650,650,1,1,50,151,2075,313788,0,0,0,0,0,0,0,0,0,0,0
18/06/2021,07:16:58,T,650,650,1,1,50,151,2099,317412,0,0,0,0,0,0,0,0,0,0,0
18/06/2021,07:17:29,T,650,650,1,1,50,151,2107,318470,0,0,0,0,0,0,0,0,0,0,0
18/06/2021,07:18:00,T,650,650,1,1,50,151,2125,321339,0,0,0,0,0,0,0,0,0,0,0
18/06/2021,07:18:31,T,650,650,1,1,50,151,2149,324964,0,0,0,0,0,0,0,0,0,0,0
18/06/2021,07:19:01,T,650,650,1,1,50,151,2172,328290,0,0,0,0,0,0,0,0,0,0,0
18/06/2021,07:19:32,T,650,650,1,1,50,151,2192,331464,0,0,0,0,0,0,0,0,0,0,0
18/06/2021,07:20:03,T,650,650,1,1,50,151,2218,335391,0,0,0,0,0,0,0,0,0,0,0
18/06/2021,07:20:34,T,650,650,1,1,50,151,2236,338261,0,0,0,0,0,0,0,0,0,0,0
18/06/2021,07:21:05,T,650,650,1,1,50,151,2260,341737,0,0,0,0,0,0,0,0,0,0,0
18/06/2021,07:21:35,T,650,650,1,1,50,151,2285,345513,0,0,0,0,0,0,0,0,0,0,0
18/06/2021,07:22:06,T,650,650,1,1,50,151,2301,348082,0,0,0,0,0,0,0,0,0,0,0
18/06/2021,07:22:37,T,650,650,1,1,50,151,2320,350801,0,0,0,0,0,0,0,0,0,0,0
18/06/2021,07:23:08,T,650,650,1,1,50,151,2339,353671,0,0,0,0,0,0,0,0,0,0,0
18/06/2021,07:23:39,T,650,650,1,1,50,151,2359,356542,0,0,0,0,0,0,0,0,0,0,0
18/06/2021,07:24:09,T,650,650,2,1,50,151,2371,358354,0,0,0,0,0,0,0,0,0,0,0
18/06/2021,07:24:40,T,650,650,1,1,50,151,2388,361073,0,0,0,0,0,0,0,0,0,0,0
18/06/2021,07:25:11,T,650,650,1,1,50,151,2409,364245,0,0,0,0,0,0,0,0,0,0,0
18/06/2021,07:25:42,T,650,650,1,1,50,151,2434,368021,0,0,0,0,0,0,0,0,0,0,0
18/06/2021,07:26:12,T,650,650,1,1,50,151,2455,371194,0,0,0,0,0,0,0,0,0,0,0
18/06/2021,07:26:43,T,650,650,1,1,50,151,2478,374667,0,0,0,0,0,0,0,0,0,0,0
18/06/2021,07:27:14,T,650,650,1,1,50,151,2495,377236,0,0,0,0,0,0,0,0,0,0,0
18/06/2021,07:27:45,T,650,650,1,1,50,151,2515,380260,0,0,0,0,0,0,0,0,0,0,0
18/06/2021,07:28:16,T,650,650,1,1,50,151,2540,384038,0,0,0,0,0,0,0,0,0,0,0
18/06/2021,07:28:46,T,650,650,1,1,50,151,2554,386001,0,0,0,0,0,0,0,0,0,0,0
18/06/2021,07:29:17,T,650,650,1,1,50,151,2570,388568,0,0,0,0,0,0,0,0,0,0,0
18/06/2021,07:29:48,T,650,650,1,1,50,151,2591,391743,0,0,0,0,0,0,0,0,0,0,0
18/06/2021,07:30:19,T,650,650,1,1,50,151,2613,395069,0,0,0,0,0,0,0,0,0,0,0
18/06/2021,07:30:50,T,650,650,1,1,50,151,2637,398543,0,0,0,0,0,0,0,0,0,0,0
18/06/2021,07:31:20,T,650,650,1,1,50,151,2656,401564,0,0,0,0,0,0,0,0,0,0,0
18/06/2021,07:31:51,T,650,650,1,1,50,151,2677,404736,0,0,0,0,0,0,0,0,0,0,0
18/06/2021,07:32:22,T,650,650,1,1,50,151,2699,408062,0,0,0,0,0,0,0,0,0,0,0
18/06/2021,07:32:53,T,650,650,1,1,50,151,2725,411990,0,0,0,0,0,0,0,0,0,0,0
18/06/2021,07:33:23,T,650,650,1,1,50,151,2745,415011,0,0,0,0,0,0,0,0,0,0,0
18/06/2021,07:33:54,T,650,650,1,1,50,151,2771,418937,0,0,0,0,0,0,0,0,0,0,0
18/06/2021,07:34:25,T,650,650,1,1,50,151,2796,422713,0,0,0,0,0,0,0,0,0,0,0
18/06/2021,07:34:56,T,650,650,1,1,50,151,2813,425432,0,0,0,0,0,0,0,0,0,0,0
18/06/2021,07:35:27,T,650,650,1,1,50,151,2830,427850,0,0,0,0,0,0,0,0,0,0,0
18/06/2021,07:35:57,T,650,650,1,1,50,151,2850,430871,0,0,0,0,0,0,0,0,0,0,0
18/06/2021,07:36:28,T,650,650,1,1,50,151,2870,434043,0,0,0,0,0,0,0,0,0,0,0
18/06/2021,07:36:59,T,650,650,1,1,50,151,2891,437064,0,0,0,0,0,0,0,0,0,0,0
18/06/2021,07:37:30,T,650,650,1,1,50,151,2910,439783,0,0,0,0,0,0,0,0,0,0,0
18/06/2021,07:38:01,T,650,650,2,1,50,151,2920,441294,0,0,0,0,0,0,0,0,0,0,0
18/06/2021,07:38:31,T,650,650,1,1,50,151,2934,443560,0,0,0,0,0,0,0,0,0,0,0
18/06/2021,07:39:02,T,650,650,1,1,50,151,2949,445826,0,0,0,0,0,0,0,0,0,0,0
18/06/2021,07:39:33,T,650,650,1,1,50,151,2972,449454,0,0,0,0,0,0,0,0,0,0,0
18/06/2021,07:40:04,T,650,650,1,1,50,151,2994,452625,0,0,0,0,0,0,0,0,0,0,0
18/06/2021,07:40:35,T,650,650,1,1,50,151,3017,456099,0,0,0,0,0,0,0,0,0,0,0
18/06/2021,07:41:05,T,650,650,1,1,50,151,3039,459422,0,0,0,0,0,0,0,0,0,0,0
18/06/2021,07:41:36,T,650,650,1,1,50,151,3064,463199,0,0,0,0,0,0,0,0,0,0,0
18/06/2021,07:42:07,T,650,650,1,1,50,151,3090,467126,0,0,0,0,0,0,0,0,0,0,0
18/06/2021,07:42:38,T,650,650,1,1,50,151,3115,470903,0,0,0,0,0,0,0,0,0,0,0
18/06/2021,07:43:08,T,650,650,1,1,50,151,3138,474376,0,0,0,0,0,0,0,0,0,0,0
18/06/2021,07:43:39,T,650,650,1,1,50,151,3158,477397,0,0,0,0,0,0,0,0,0,0,0
18/06/2021,07:44:10,T,650,650,1,1,50,151,3184,481323,0,0,0,0,0,0,0,0,0,0,0
18/06/2021,07:44:41,T,650,650,1,1,50,151,3206,484646,0,0,0,0,0,0,0,0,0,0,0
18/06/2021,07:45:12,T,650,650,1,1,50,151,3227,487818,0,0,0,0,0,0,0,0,0,0,0
18/06/2021,07:45:42,T,650,650,1,1,50,151,3251,491444,0,0,0,0,0,0,0,0,0,0,0
18/06/2021,07:46:13,T,650,650,1,1,50,151,3274,494918,0,0,0,0,0,0,0,0,0,0,0
18/06/2021,07:46:44,T,650,650,1,1,50,151,3298,498543,0,0,0,0,0,0,0,0,0,0,0
18/06/2021,07:47:15,T,650,650,1,1,50,151,3320,501866,0,0,0,0,0,0,0,0,0,0,0
18/06/2021,07:47:46,T,650,650,1,1,50,151,3340,504737,0,0,0,0,0,0,0,0,0,0,0
18/06/2021,07:48:08,S,12,12,1,1,50,151,3357,507305,0,0,0,0,0,0,0,0,0,0,0
18/06/2021,07:48:10,S,190,12,3,1,50,151,3357,507305,0,0,0,0,0,0,0,0,0,0,0
18/06/2021,07:48:39,S,191,12,1,1,50,151,3357,507305,0,0,0,0,0,0,0,0,0,0,0
18/06/2021,07:48:41,S,650,650,1,1,50,151,3357,507305,0,0,0,0,0,0,0,0,0,0,0
18/06/2021,07:49:12,T,650,650,1,1,50,151,3382,511232,0,0,0,0,0,0,0,0,0,0,0
18/06/2021,07:49:43,T,650,650,1,1,50,151,3408,515159,0,0,0,0,0,0,0,0,0,0,0
18/06/2021,07:50:13,T,650,650,1,1,50,151,3433,518935,0,0,0,0,0,0,0,0,0,0,0
18/06/2021,07:50:44,T,650,650,1,1,50,151,3457,522561,0,0,0,0,0,0,0,0,0,0,0
18/06/2021,07:51:15,T,650,650,2,1,50,151,3483,526489,0,0,0,0,0,0,0,0,0,0,0
18/06/2021,07:51:46,T,650,650,1,1,50,151,3506,529963,0,0,0,0,0,0,0,0,0,0,0
18/06/2021,07:52:16,T,650,650,2,1,50,151,3529,533286,0,0,0,0,0,0,0,0,0,0,0
18/06/2021,07:52:47,T,650,650,2,1,50,151,3547,536004,0,0,0,0,0,0,0,0,0,0,0
18/06/2021,07:53:18,T,650,650,1,1,50,151,3567,539179,0,0,0,0,0,0,0,0,0,0,0
18/06/2021,07:53:49,T,650,650,1,1,50,151,3593,543106,0,0,0,0,0,0,0,0,0,0,0
18/06/2021,07:54:20,T,650,650,1,1,50,151,3619,547033,0,0,0,0,0,0,0,0,0,0,0
18/06/2021,07:54:50,T,650,650,1,1,50,151,3640,550205,0,0,0,0,0,0,0,0,0,0,0
18/06/2021,07:55:21,T,650,650,1,1,50,151,3666,554132,0,0,0,0,0,0,0,0,0,0,0
18/06/2021,07:55:52,T,650,650,1,1,50,151,3692,558059,0,0,0,0,0,0,0,0,0,0,0
18/06/2021,07:56:23,T,650,650,1,1,50,151,3715,561535,0,0,0,0,0,0,0,0,0,0,0
18/06/2021,07:56:37,S,692,650,1,1,50,151,3726,563197,0,0,0,0,0,0,0,0,0,0,0
18/06/2021,07:56:39,S,190,12,3,1,50,151,3726,563197,0,0,0,0,0,0,0,0,0,0,0
18/06/2021,07:56:41,S,650,650,1,1,50,151,3727,563197,0,0,0,0,0,0,0,0,0,0,0
18/06/2021,07:57:12,T,650,650,1,1,50,151,3747,566369,0,0,0,0,0,0,0,0,0,0,0
18/06/2021,07:57:43,T,650,650,1,1,50,151,3773,570295,0,0,0,0,0,0,0,0,0,0,0
18/06/2021,07:58:09,S,692,12,3,1,50,151,3793,573316,0,0,0,0,0,0,0,0,0,0,0
18/06/2021,07:58:12,S,190,12,3,1,50,151,3793,573316,0,0,0,0,0,0,0,0,0,0,0
18/06/2021,07:58:42,T,190,12,3,1,50,151,3793,573316,0,0,0,0,0,0,0,0,0,0,0
18/06/2021,07:59:13,T,190,12,3,1,50,151,3793,573316,0,0,0,0,0,0,0,0,0,0,0
18/06/2021,07:59:21,S,191,12,1,1,50,151,3793,573316,0,0,0,0,0,0,0,0,0,0,0
18/06/2021,07:59:23,S,650,650,1,1,50,151,3794,573467,0,0,0,0,0,0,0,0,0,0,0
18/06/2021,07:59:54,T,650,650,1,1,50,151,3820,577393,0,0,0,0,0,0,0,0,0,0,0
18/06/2021,08:00:25,T,650,650,1,1,50,151,3845,581170,0,0,0,0,0,0,0,0,0,0,0
18/06/2021,08:00:56,T,650,650,1,1,50,151,3871,585096,0,0,0,0,0,0,0,0,0,0,0
18/06/2021,08:01:27,T,650,650,1,1,50,151,3891,588118,0,0,0,0,0,0,0,0,0,0,0
18/06/2021,08:01:43,S,190,12,3,1,50,151,3900,589478,0,0,0,0,0,0,0,0,0,0,0
18/06/2021,08:02:14,T,190,12,3,1,50,151,3900,589478,0,0,0,0,0,0,0,0,0,0,0
18/06/2021,08:02:28,S,191,12,1,1,50,151,3900,589478,0,0,0,0,0,0,0,0,0,0,0
18/06/2021,08:02:30,S,650,650,1,1,50,151,3901,589478,0,0,0,0,0,0,0,0,0,0,0
18/06/2021,08:03:01,T,650,650,1,1,50,151,3926,593406,0,0,0,0,0,0,0,0,0,0,0
18/06/2021,08:03:32,T,650,650,1,1,50,151,3942,595974,0,0,0,0,0,0,0,0,0,0,0
18/06/2021,08:03:50,S,692,650,1,1,50,151,3952,597333,0,0,0,0,0,0,0,0,0,0,0
18/06/2021,08:03:52,S,190,12,3,1,50,151,3952,597333,0,0,0,0,0,0,0,0,0,0,0
18/06/2021,08:04:00,S,650,650,1,1,50,151,3953,597333,0,0,0,0,0,0,0,0,0,0,0
18/06/2021,08:04:07,S,190,12,3,1,50,151,3954,597635,0,0,0,0,0,0,0,0,0,0,0
18/06/2021,08:04:15,S,650,650,1,1,50,151,3955,597635,0,0,0,0,0,0,0,0,0,0,0
18/06/2021,08:04:35,S,692,650,3,1,50,151,3969,599901,0,0,0,0,0,0,0,0,0,0,0
18/06/2021,08:04:37,S,190,12,3,1,50,151,3969,599901,0,0,0,0,0,0,0,0,0,0,0
18/06/2021,08:05:08,T,190,12,3,1,50,151,3969,599901,0,0,0,0,0,0,0,0,0,0,0
18/06/2021,08:05:39,T,190,12,3,1,50,151,3969,599901,0,0,0,0,0,0,0,0,0,0,0
18/06/2021,08:05:53,S,191,12,1,1,50,151,3969,599901,0,0,0,0,0,0,0,0,0,0,0
18/06/2021,08:05:55,S,650,650,1,1,50,151,3970,599901,0,0,0,0,0,0,0,0,0,0,0
18/06/2021,08:06:26,T,650,650,1,1,50,151,3995,603828,0,0,0,0,0,0,0,0,0,0,0
18/06/2021,08:06:57,T,650,650,1,1,50,151,4018,607302,0,0,0,0,0,0,0,0,0,0,0
18/06/2021,08:07:28,T,650,650,2,1,50,151,4044,611229,0,0,0,0,0,0,0,0,0,0,0
18/06/2021,08:07:32,S,692,12,3,1,50,151,4045,611229,0,0,0,0,0,0,0,0,0,0,0
18/06/2021,08:07:34,S,190,12,3,1,50,151,4045,611229,0,0,0,0,0,0,0,0,0,0,0
18/06/2021,08:08:05,T,190,12,3,1,50,151,4045,611229,0,0,0,0,0,0,0,0,0,0,0
18/06/2021,08:08:31,S,191,12,3,1,50,151,4045,611229,0,0,0,0,0,0,0,0,0,0,0
18/06/2021,08:08:35,S,650,650,1,1,50,151,4045,611380,0,0,0,0,0,0,0,0,0,0,0
18/06/2021,08:09:06,T,650,650,1,1,50,151,4066,614552,0,0,0,0,0,0,0,0,0,0,0
18/06/2021,08:09:37,T,650,650,1,1,50,151,4092,618482,0,0,0,0,0,0,0,0,0,0,0
18/06/2021,08:10:08,T,650,650,1,1,50,151,4115,622109,0,0,0,0,0,0,0,0,0,0,0
18/06/2021,08:10:39,T,650,650,1,1,50,151,4138,625432,0,0,0,0,0,0,0,0,0,0,0
18/06/2021,08:11:09,T,650,650,1,1,50,151,4161,628908,0,0,0,0,0,0,0,0,0,0,0
18/06/2021,08:11:40,T,650,650,1,1,50,151,4184,632533,0,0,0,0,0,0,0,0,0,0,0
18/06/2021,08:12:11,T,650,650,1,1,50,151,4204,635404,0,0,0,0,0,0,0,0,0,0,0
18/06/2021,08:12:42,T,650,650,1,1,50,151,4226,638727,0,0,0,0,0,0,0,0,0,0,0
18/06/2021,08:13:13,T,650,650,1,1,50,151,4249,642352,0,0,0,0,0,0,0,0,0,0,0
18/06/2021,08:13:43,T,650,650,1,1,50,151,4273,645675,0,0,0,0,0,0,0,0,0,0,0
18/06/2021,08:14:14,T,650,650,1,1,50,151,4294,649001,0,0,0,0,0,0,0,0,0,0,0
18/06/2021,08:14:45,T,650,650,1,1,50,151,4315,652173,0,0,0,0,0,0,0,0,0,0,0
18/06/2021,08:15:16,T,650,650,1,1,50,151,4337,655499,0,0,0,0,0,0,0,0,0,0,0
18/06/2021,08:15:47,T,650,650,1,1,50,151,4358,658670,0,0,0,0,0,0,0,0,0,0,0
18/06/2021,08:15:49,S,692,650,3,1,50,151,4358,658670,0,0,0,0,0,0,0,0,0,0,0
18/06/2021,08:15:51,S,190,12,3,1,50,151,4358,658670,0,0,0,0,0,0,0,0,0,0,0
18/06/2021,08:15:53,S,650,650,1,1,50,151,4359,658670,0,0,0,0,0,0,0,0,0,0,0
18/06/2021,08:16:01,S,692,12,3,1,50,151,4362,659274,0,0,0,0,0,0,0,0,0,0,0
18/06/2021,08:16:03,S,650,650,1,1,50,151,4363,659274,0,0,0,0,0,0,0,0,0,0,0
18/06/2021,08:16:34,T,650,650,1,1,50,151,4386,662899,0,0,0,0,0,0,0,0,0,0,0
18/06/2021,08:17:05,T,650,650,2,1,50,151,4406,665768,0,0,0,0,0,0,0,0,0,0,0
18/06/2021,08:17:35,T,650,650,2,1,50,151,4428,669247,0,0,0,0,0,0,0,0,0,0,0
18/06/2021,08:17:37,S,692,12,3,1,50,151,4428,669247,0,0,0,0,0,0,0,0,0,0,0
18/06/2021,08:17:39,S,190,12,3,1,50,151,4428,669247,0,0,0,0,0,0,0,0,0,0,0
18/06/2021,08:18:10,T,190,12,3,1,50,151,4428,669247,0,0,0,0,0,0,0,0,0,0,0
18/06/2021,08:18:41,T,190,12,3,1,50,151,4428,669247,0,0,0,0,0,0,0,0,0,0,0
18/06/2021,08:18:43,S,191,12,1,1,50,151,4428,669247,0,0,0,0,0,0,0,0,0,0,0
18/06/2021,08:18:45,S,650,650,1,1,50,151,4429,669398,0,0,0,0,0,0,0,0,0,0,0
18/06/2021,08:19:16,T,650,650,1,1,50,151,4451,672722,0,0,0,0,0,0,0,0,0,0,0
18/06/2021,08:19:47,T,650,650,1,1,50,151,4470,675592,0,0,0,0,0,0,0,0,0,0,0
18/06/2021,08:20:17,T,650,650,1,1,50,151,4493,679067,0,0,0,0,0,0,0,0,0,0,0
18/06/2021,08:20:22,S,692,12,3,1,50,151,4494,679218,0,0,0,0,0,0,0,0,0,0,0
18/06/2021,08:20:24,S,190,12,3,1,50,151,4494,679218,0,0,0,0,0,0,0,0,0,0,0
18/06/2021,08:20:26,S,650,650,1,1,50,151,4495,679218,0,0,0,0,0,0,0,0,0,0,0
18/06/2021,08:20:34,S,692,650,3,1,50,151,4499,679973,0,0,0,0,0,0,0,0,0,0,0
18/06/2021,08:20:36,S,190,12,3,1,50,151,4499,679973,0,0,0,0,0,0,0,0,0,0,0
18/06/2021,08:20:42,S,650,650,1,1,50,151,4500,679973,0,0,0,0,0,0,0,0,0,0,0
18/06/2021,08:20:46,S,692,12,3,1,50,151,4500,680124,0,0,0,0,0,0,0,0,0,0,0
18/06/2021,08:20:48,S,190,12,3,1,50,151,4500,680124,0,0,0,0,0,0,0,0,0,0,0
18/06/2021,08:20:56,S,650,650,1,1,50,151,4501,680124,0,0,0,0,0,0,0,0,0,0,0
18/06/2021,08:21:27,T,650,650,1,1,50,151,4523,683598,0,0,0,0,0,0,0,0,0,0,0
18/06/2021,08:21:58,T,650,650,1,1,50,151,4543,686619,0,0,0,0,0,0,0,0,0,0,0
18/06/2021,08:22:29,T,650,650,1,1,50,151,4569,690546,0,0,0,0,0,0,0,0,0,0,0
18/06/2021,08:23:00,T,650,650,2,1,50,151,4589,693417,0,0,0,0,0,0,0,0,0,0,0
18/06/2021,08:23:30,T,650,650,1,1,50,151,4599,695231,0,0,0,0,0,0,0,0,0,0,0
18/06/2021,08:24:01,T,650,650,2,1,50,151,4619,697950,0,0,0,0,0,0,0,0,0,0,0
18/06/2021,08:24:32,T,650,650,1,1,50,151,4643,701726,0,0,0,0,0,0,0,0,0,0,0
18/06/2021,08:25:03,T,650,650,1,1,50,151,4666,705200,0,0,0,0,0,0,0,0,0,0,0
18/06/2021,08:25:34,T,650,650,1,1,50,151,4687,708372,0,0,0,0,0,0,0,0,0,0,0
18/06/2021,08:26:04,T,650,650,1,1,50,151,4713,712298,0,0,0,0,0,0,0,0,0,0,0
18/06/2021,08:26:35,T,650,650,1,1,50,151,4736,715926,0,0,0,0,0,0,0,0,0,0,0
18/06/2021,08:27:06,T,650,650,2,1,50,151,4762,719702,0,0,0,0,0,0,0,0,0,0,0
18/06/2021,08:27:37,T,650,650,1,1,50,151,4781,722572,0,0,0,0,0,0,0,0,0,0,0
18/06/2021,08:28:07,T,650,650,1,1,50,151,4796,724837,0,0,0,0,0,0,0,0,0,0,0
18/06/2021,08:28:20,S,692,12,3,1,50,151,4804,726046,0,0,0,0,0,0,0,0,0,0,0
18/06/2021,08:28:22,S,190,12,3,1,50,151,4804,726046,0,0,0,0,0,0,0,0,0,0,0
18/06/2021,08:28:28,S,650,650,1,1,50,151,4805,726046,0,0,0,0,0,0,0,0,0,0,0
18/06/2021,08:28:59,T,650,650,1,1,50,151,4823,729068,0,0,0,0,0,0,0,0,0,0,0
18/06/2021,08:29:15,S,692,650,1,1,50,151,4836,730880,0,0,0,0,0,0,0,0,0,0,0
18/06/2021,08:29:17,S,190,12,3,1,50,151,4836,730880,0,0,0,0,0,0,0,0,0,0,0
18/06/2021,08:29:48,T,190,12,3,1,50,151,4836,730880,0,0,0,0,0,0,0,0,0,0,0
18/06/2021,08:30:19,T,190,12,3,1,50,151,4836,730880,0,0,0,0,0,0,0,0,0,0,0
18/06/2021,08:30:25,S,191,12,1,1,50,151,4836,730880,0,0,0,0,0,0,0,0,0,0,0
18/06/2021,08:30:27,S,650,650,1,1,50,151,4837,731031,0,0,0,0,0,0,0,0,0,0,0
18/06/2021,08:30:58,T,650,650,1,1,50,151,4863,734958,0,0,0,0,0,0,0,0,0,0,0
18/06/2021,08:31:29,T,650,650,1,1,50,151,4882,737828,0,0,0,0,0,0,0,0,0,0,0
18/06/2021,08:31:59,T,650,650,1,1,50,151,4905,741302,0,0,0,0,0,0,0,0,0,0,0
18/06/2021,08:32:30,T,650,650,1,1,50,151,4931,745233,0,0,0,0,0,0,0,0,0,0,0
18/06/2021,08:33:01,T,650,650,1,1,50,151,4956,749010,0,0,0,0,0,0,0,0,0,0,0
18/06/2021,08:33:32,T,650,650,1,1,50,151,4978,752333,0,0,0,0,0,0,0,0,0,0,0
18/06/2021,08:34:03,T,650,650,1,1,50,151,5002,755959,0,0,0,0,0,0,0,0,0,0,0
18/06/2021,08:34:33,T,650,650,1,1,50,151,5027,759735,0,0,0,0,0,0,0,0,0,0,0
18/06/2021,08:35:04,T,650,650,1,1,50,151,5051,763360,0,0,0,0,0,0,0,0,0,0,0
18/06/2021,08:35:35,T,650,650,1,1,50,151,5077,767286,0,0,0,0,0,0,0,0,0,0,0
18/06/2021,08:36:06,T,650,650,1,1,50,151,5093,769553,0,0,0,0,0,0,0,0,0,0,0
18/06/2021,08:36:36,T,650,650,1,1,50,151,5114,772877,0,0,0,0,0,0,0,0,0,0,0
18/06/2021,08:37:07,T,650,650,1,1,50,151,5140,776803,0,0,0,0,0,0,0,0,0,0,0
18/06/2021,08:37:38,T,650,650,1,1,50,151,5163,780129,0,0,0,0,0,0,0,0,0,0,0
18/06/2021,08:38:09,T,650,650,1,1,50,151,5174,781941,0,0,0,0,0,0,0,0,0,0,0
18/06/2021,08:38:27,S,692,650,1,1,50,151,5186,783754,0,0,0,0,0,0,0,0,0,0,0
18/06/2021,08:38:31,S,9,9,3,1,50,151,5186,783754,0,0,0,0,0,0,0,0,0,0,0
18/06/2021,08:39:02,T,9,9,3,1,50,151,5186,783754,0,0,0,0,0,0,0,0,0,0,0
18/06/2021,08:39:33,T,9,9,3,1,50,151,5186,783754,0,0,0,0,0,0,0,0,0,0,0
18/06/2021,08:39:54,S,325,9,3,1,50,151,5186,783754,0,0,0,0,0,0,0,0,0,0,0
18/06/2021,08:40:24,T,325,9,3,1,50,151,5186,783754,0,0,0,0,0,0,0,0,0,0,0
18/06/2021,08:40:49,S,600,9,1,1,50,151,5186,783754,0,0,0,0,0,0,0,0,0,0,0
18/06/2021,08:40:57,S,650,650,1,1,50,151,5187,783905,0,0,0,0,0,0,0,0,0,0,0
18/06/2021,08:41:12,S,8,8,3,1,50,151,5193,784811,0,0,0,0,0,0,0,0,0,0,0
18/06/2021,08:41:16,S,550,8,3,1,50,151,5194,784811,0,0,0,0,0,0,0,0,0,0,0
18/06/2021,08:41:26,S,600,8,1,1,50,151,5194,784811,0,0,0,0,0,0,0,0,0,0,0
18/06/2021,08:41:28,S,650,650,1,1,50,151,5194,784962,0,0,0,0,0,0,0,0,0,0,0
18/06/2021,08:41:48,S,692,12,1,1,50,151,5211,787379,0,0,0,0,0,0,0,0,0,0,0
18/06/2021,08:41:50,S,190,12,3,1,50,151,5211,787379,0,0,0,0,0,0,0,0,0,0,0
18/06/2021,08:42:21,S,191,12,1,1,50,151,5211,787379,0,0,0,0,0,0,0,0,0,0,0
18/06/2021,08:42:23,S,650,650,1,1,50,151,5211,787530,0,0,0,0,0,0,0,0,0,0,0
18/06/2021,08:42:54,T,650,650,1,1,50,151,5234,791155,0,0,0,0,0,0,0,0,0,0,0
18/06/2021,08:43:25,T,650,650,1,1,50,151,5260,794932,0,0,0,0,0,0,0,0,0,0,0
18/06/2021,08:43:56,T,650,650,1,1,50,151,5283,798406,0,0,0,0,0,0,0,0,0,0,0
18/06/2021,08:44:26,T,650,650,1,1,50,151,5307,802182,0,0,0,0,0,0,0,0,0,0,0
18/06/2021,08:44:53,S,692,12,3,1,50,151,5326,804901,0,0,0,0,0,0,0,0,0,0,0
18/06/2021,08:44:55,S,190,12,3,1,50,151,5326,804901,0,0,0,0,0,0,0,0,0,0,0
18/06/2021,08:44:59,S,650,650,1,1,50,151,5327,804901,0,0,0,0,0,0,0,0,0,0,0
18/06/2021,08:45:05,S,692,12,3,1,50,151,5329,805354,0,0,0,0,0,0,0,0,0,0,0
18/06/2021,08:45:08,S,190,12,3,1,50,151,5329,805354,0,0,0,0,0,0,0,0,0,0,0
18/06/2021,08:45:10,S,692,12,3,1,50,151,5329,805354,0,0,0,0,0,0,0,0,0,0,0
18/06/2021,08:45:12,S,190,12,3,1,50,151,5329,805354,0,0,0,0,0,0,0,0,0,0,0
18/06/2021,08:45:14,S,650,650,1,1,50,151,5330,805354,0,0,0,0,0,0,0,0,0,0,0
18/06/2021,08:45:44,T,650,650,1,1,50,151,5355,809282,0,0,0,0,0,0,0,0,0,0,0
18/06/2021,08:46:15,T,650,650,1,1,50,151,5373,812001,0,0,0,0,0,0,0,0,0,0,0
18/06/2021,08:46:34,S,692,650,1,1,50,151,5382,813360,0,0,0,0,0,0,0,0,0,0,0
18/06/2021,08:46:36,S,190,12,3,1,50,151,5382,813360,0,0,0,0,0,0,0,0,0,0,0
18/06/2021,08:47:07,T,190,12,3,1,50,151,5382,813360,0,0,0,0,0,0,0,0,0,0,0
18/06/2021,08:47:23,S,191,12,3,1,50,151,5382,813360,0,0,0,0,0,0,0,0,0,0,0
18/06/2021,08:47:27,S,650,650,1,1,50,151,5383,813511,0,0,0,0,0,0,0,0,0,0,0
18/06/2021,08:47:58,T,650,650,1,1,50,151,5403,816533,0,0,0,0,0,0,0,0,0,0,0
18/06/2021,08:48:29,T,650,650,1,1,50,151,5427,820158,0,0,0,0,0,0,0,0,0,0,0
18/06/2021,08:48:59,T,650,650,1,1,50,151,5445,822877,0,0,0,0,0,0,0,0,0,0,0
18/06/2021,08:49:30,T,650,650,1,1,50,151,5468,826352,0,0,0,0,0,0,0,0,0,0,0
18/06/2021,08:50:01,T,650,650,1,1,50,151,5489,829527,0,0,0,0,0,0,0,0,0,0,0
18/06/2021,08:50:32,T,650,650,1,1,50,151,5512,833002,0,0,0,0,0,0,0,0,0,0,0
18/06/2021,08:51:03,T,650,650,1,1,50,151,5535,836478,0,0,0,0,0,0,0,0,0,0,0
18/06/2021,08:51:33,T,650,650,1,1,50,151,5558,839952,0,0,0,0,0,0,0,0,0,0,0
18/06/2021,08:52:04,T,650,650,1,1,50,151,5581,843579,0,0,0,0,0,0,0,0,0,0,0
18/06/2021,08:52:35,T,650,650,1,1,50,151,5604,846906,0,0,0,0,0,0,0,0,0,0,0
18/06/2021,08:53:06,T,650,650,2,1,50,151,5628,850381,0,0,0,0,0,0,0,0,0,0,0
18/06/2021,08:53:37,T,650,650,1,1,50,151,5651,854007,0,0,0,0,0,0,0,0,0,0,0
18/06/2021,08:54:07,T,650,650,1,1,50,151,5673,857330,0,0,0,0,0,0,0,0,0,0,0
18/06/2021,08:54:38,T,650,650,1,1,50,151,5699,861256,0,0,0,0,0,0,0,0,0,0,0
18/06/2021,08:55:09,T,650,650,1,1,50,151,5725,865183,0,0,0,0,0,0,0,0,0,0,0
18/06/2021,08:55:40,T,650,650,1,1,50,151,5750,868959,0,0,0,0,0,0,0,0,0,0,0
18/06/2021,08:56:10,T,650,650,1,1,50,151,5776,872886,0,0,0,0,0,0,0,0,0,0,0
18/06/2021,08:56:41,T,650,650,1,1,50,151,5798,876210,0,0,0,0,0,0,0,0,0,0,0
18/06/2021,08:57:12,T,650,650,1,1,50,151,5820,879533,0,0,0,0,0,0,0,0,0,0,0
18/06/2021,08:57:43,T,650,650,1,1,50,151,5845,883312,0,0,0,0,0,0,0,0,0,0,0
18/06/2021,08:58:14,T,650,650,1,1,50,151,5868,886787,0,0,0,0,0,0,0,0,0,0,0
18/06/2021,08:58:44,T,650,650,1,1,50,151,5891,890263,0,0,0,0,0,0,0,0,0,0,0
18/06/2021,08:59:15,T,650,650,1,1,50,151,5911,893285,0,0,0,0,0,0,0,0,0,0,0
18/06/2021,08:59:46,T,650,650,1,1,50,151,5931,896306,0,0,0,0,0,0,0,0,0,0,0
18/06/2021,09:00:17,T,650,650,1,1,50,151,5951,899327,0,0,0,0,0,0,0,0,0,0,0
18/06/2021,09:00:48,T,650,650,1,1,50,151,5975,902953,0,0,0,0,0,0,0,0,0,0,0
18/06/2021,09:01:18,T,650,650,1,1,50,151,5996,906126,0,0,0,0,0,0,0,0,0,0,0
18/06/2021,09:01:49,T,650,650,1,1,50,151,6020,909751,0,0,0,0,0,0,0,0,0,0,0
18/06/2021,09:02:20,T,650,650,1,1,50,151,6043,913234,0,0,0,0,0,0,0,0,0,0,0
18/06/2021,09:02:51,T,650,650,1,1,50,151,6063,916257,0,0,0,0,0,0,0,0,0,0,0
18/06/2021,09:02:59,S,692,650,3,1,50,151,6066,916710,0,0,0,0,0,0,0,0,0,0,0
18/06/2021,09:03:01,S,190,12,3,1,50,151,6066,916710,0,0,0,0,0,0,0,0,0,0,0
18/06/2021,09:03:32,T,190,12,3,1,50,151,6066,916710,0,0,0,0,0,0,0,0,0,0,0
18/06/2021,09:03:50,S,191,12,1,1,50,151,6066,916710,0,0,0,0,0,0,0,0,0,0,0
18/06/2021,09:03:52,S,650,650,1,1,50,151,6067,916861,0,0,0,0,0,0,0,0,0,0,0
18/06/2021,09:04:21,S,692,6,3,1,50,151,6086,919731,0,0,0,0,0,0,0,0,0,0,0
18/06/2021,09:04:23,S,6,6,3,1,50,151,6087,919731,0,0,0,0,0,0,0,0,0,0,0
18/06/2021,09:04:29,S,650,650,1,1,50,151,6087,919731,0,0,0,0,0,0,0,0,0,0,0
18/06/2021,09:05:00,T,650,650,1,1,50,151,6111,923508,0,0,0,0,0,0,0,0,0,0,0
18/06/2021,09:05:31,T,650,650,1,1,50,151,6137,927435,0,0,0,0,0,0,0,0,0,0,0
18/06/2021,09:06:02,T,650,650,1,1,50,151,6160,930910,0,0,0,0,0,0,0,0,0,0,0
18/06/2021,09:06:32,T,650,650,2,1,50,151,6183,934387,0,0,0,0,0,0,0,0,0,0,0
18/06/2021,09:07:03,T,650,650,1,1,50,151,6206,937861,0,0,0,0,0,0,0,0,0,0,0
18/06/2021,09:07:34,T,650,650,1,1,50,151,6228,941187,0,0,0,0,0,0,0,0,0,0,0
18/06/2021,09:07:48,S,692,650,1,1,50,151,6235,942396,0,0,0,0,0,0,0,0,0,0,0
18/06/2021,09:07:50,S,40,40,3,1,50,151,6235,942396,0,0,0,0,0,0,0,0,0,0,0
18/06/2021,09:08:21,T,40,40,3,1,50,151,6235,942396,0,0,0,0,0,0,0,0,0,0,0
18/06/2021,09:08:36,S,300,40,3,1,50,151,6235,942396,0,0,0,0,0,0,0,0,0,0,0
18/06/2021,09:08:48,S,600,650,1,1,50,151,6236,942396,0,0,0,0,0,0,0,0,0,0,0
18/06/2021,09:08:50,S,650,650,1,1,50,151,6237,942547,0,0,0,0,0,0,0,0,0,0,0
18/06/2021,09:09:21,T,650,650,1,1,50,151,6261,946026,0,0,0,0,0,0,0,0,0,0,0
18/06/2021,09:09:51,T,650,650,2,1,50,151,6286,949803,0,0,0,0,0,0,0,0,0,0,0
18/06/2021,09:10:22,T,650,650,1,1,50,151,6307,953128,0,0,0,0,0,0,0,0,0,0,0
18/06/2021,09:10:53,T,650,650,1,1,50,151,6329,956451,0,0,0,0,0,0,0,0,0,0,0
18/06/2021,09:11:24,T,650,650,1,1,50,151,6355,960380,0,0,0,0,0,0,0,0,0,0,0
18/06/2021,09:11:55,T,650,650,1,1,50,151,6380,964309,0,0,0,0,0,0,0,0,0,0,0
18/06/2021,09:12:25,T,650,650,1,1,50,151,6403,967632,0,0,0,0,0,0,0,0,0,0,0
18/06/2021,09:12:56,T,650,650,1,1,50,151,6425,970957,0,0,0,0,0,0,0,0,0,0,0
18/06/2021,09:13:00,S,190,12,3,1,50,151,6426,971108,0,0,0,0,0,0,0,0,0,0,0
18/06/2021,09:13:31,T,190,12,3,1,50,151,6426,971108,0,0,0,0,0,0,0,0,0,0,0
18/06/2021,09:13:39,S,191,12,1,1,50,151,6426,971108,0,0,0,0,0,0,0,0,0,0,0
18/06/2021,09:13:43,S,650,650,1,1,50,151,6427,971259,0,0,0,0,0,0,0,0,0,0,0
18/06/2021,09:14:14,T,650,650,1,1,50,151,6450,974734,0,0,0,0,0,0,0,0,0,0,0
18/06/2021,09:14:45,T,650,650,1,1,50,151,6476,978661,0,0,0,0,0,0,0,0,0,0,0
18/06/2021,09:15:16,T,650,650,1,1,50,151,6498,981984,0,0,0,0,0,0,0,0,0,0,0
18/06/2021,09:15:47,T,650,650,1,1,50,151,6520,985308,0,0,0,0,0,0,0,0,0,0,0
18/06/2021,09:16:17,T,650,650,1,1,50,151,6540,988329,0,0,0,0,0,0,0,0,0,0,0
18/06/2021,09:16:48,T,650,650,1,1,50,151,6565,992105,0,0,0,0,0,0,0,0,0,0,0
18/06/2021,09:17:09,S,692,650,3,1,50,151,6577,993766,0,0,0,0,0,0,0,0,0,0,0
18/06/2021,09:17:11,S,190,12,3,1,50,151,6577,993766,0,0,0,0,0,0,0,0,0,0,0
18/06/2021,09:17:41,T,190,12,3,1,50,151,6577,993766,0,0,0,0,0,0,0,0,0,0,0
18/06/2021,09:17:48,S,191,12,1,1,50,151,6577,993766,0,0,0,0,0,0,0,0,0,0,0
18/06/2021,09:17:50,S,650,650,1,1,50,151,6577,993917,0,0,0,0,0,0,0,0,0,0,0
18/06/2021,09:18:20,T,650,650,1,1,50,151,6599,997243,0,0,0,0,0,0,0,0,0,0,0
18/06/2021,09:18:51,T,650,650,1,1,50,151,6624,1001020,0,0,0,0,0,0,0,0,0,0,0
18/06/2021,09:19:22,T,650,650,1,1,50,151,6649,1004797,0,0,0,0,0,0,0,0,0,0,0
18/06/2021,09:19:53,T,650,650,1,1,50,151,6673,1008422,0,0,0,0,0,0,0,0,0,0,0
18/06/2021,09:20:24,T,650,650,1,1,50,151,6698,1012350,0,0,0,0,0,0,0,0,0,0,0
18/06/2021,09:20:54,T,650,650,1,1,50,151,6722,1015824,0,0,0,0,0,0,0,0,0,0,0
18/06/2021,09:21:19,S,692,12,3,1,50,151,6739,1018392,0,0,0,0,0,0,0,0,0,0,0
18/06/2021,09:21:21,S,190,12,3,1,50,151,6739,1018392,0,0,0,0,0,0,0,0,0,0,0
18/06/2021,09:21:52,T,190,12,3,1,50,151,6739,1018392,0,0,0,0,0,0,0,0,0,0,0
18/06/2021,09:22:23,T,190,12,3,1,50,151,6739,1018392,0,0,0,0,0,0,0,0,0,0,0
18/06/2021,09:22:53,T,190,12,3,1,50,151,6739,1018392,0,0,0,0,0,0,0,0,0,0,0
18/06/2021,09:23:20,S,191,12,1,1,50,151,6739,1018392,0,0,0,0,0,0,0,0,0,0,0
18/06/2021,09:23:22,S,650,650,1,1,50,151,6740,1018392,0,0,0,0,0,0,0,0,0,0,0
18/06/2021,09:23:30,S,692,650,1,1,50,151,6745,1019298,0,0,0,0,0,0,0,0,0,0,0
18/06/2021,09:23:32,S,190,12,3,1,50,151,6745,1019298,0,0,0,0,0,0,0,0,0,0,0
18/06/2021,09:24:03,T,190,12,3,1,50,151,6745,1019298,0,0,0,0,0,0,0,0,0,0,0
18/06/2021,09:24:18,S,191,12,1,1,50,151,6745,1019298,0,0,0,0,0,0,0,0,0,0,0
18/06/2021,09:24:22,S,650,650,1,1,50,151,6746,1019449,0,0,0,0,0,0,0,0,0,0,0
18/06/2021,09:24:52,T,650,650,1,1,50,151,6772,1023376,0,0,0,0,0,0,0,0,0,0,0
18/06/2021,09:25:23,T,650,650,1,1,50,151,6798,1027302,0,0,0,0,0,0,0,0,0,0,0
18/06/2021,09:25:54,T,650,650,1,1,50,151,6823,1031078,0,0,0,0,0,0,0,0,0,0,0
18/06/2021,09:26:25,T,650,650,1,1,50,151,6849,1035005,0,0,0,0,0,0,0,0,0,0,0
18/06/2021,09:26:56,T,650,650,1,1,50,151,6875,1038933,0,0,0,0,0,0,0,0,0,0,0
18/06/2021,09:27:26,T,650,650,1,1,50,151,6900,1042860,0,0,0,0,0,0,0,0,0,0,0
18/06/2021,09:27:31,S,190,12,3,1,50,151,6902,1042860,0,0,0,0,0,0,0,0,0,0,0
18/06/2021,09:28:01,T,190,12,3,1,50,151,6902,1042860,0,0,0,0,0,0,0,0,0,0,0
18/06/2021,09:28:32,T,190,12,3,1,50,151,6902,1042860,0,0,0,0,0,0,0,0,0,0,0
18/06/2021,09:29:03,T,190,12,3,1,50,151,6902,1042860,0,0,0,0,0,0,0,0,0,0,0
18/06/2021,09:29:13,S,191,12,1,1,50,151,6902,1042860,0,0,0,0,0,0,0,0,0,0,0
18/06/2021,09:29:15,S,650,650,1,1,50,151,6902,1043011,0,0,0,0,0,0,0,0,0,0,0
18/06/2021,09:29:46,T,650,650,1,1,50,151,6924,1046334,0,0,0,0,0,0,0,0,0,0,0
18/06/2021,09:30:17,T,650,650,1,1,50,151,6948,1049958,0,0,0,0,0,0,0,0,0,0,0
18/06/2021,09:30:48,T,650,650,1,1,50,151,6974,1053889,0,0,0,0,0,0,0,0,0,0,0
18/06/2021,09:31:18,T,650,650,1,1,50,151,6997,1057516,0,0,0,0,0,0,0,0,0,0,0
18/06/2021,09:31:49,T,650,650,1,1,50,151,7021,1060990,0,0,0,0,0,0,0,0,0,0,0
18/06/2021,09:32:20,T,650,650,1,1,50,151,7045,1064616,0,0,0,0,0,0,0,0,0,0,0
18/06/2021,09:32:51,T,650,650,1,1,50,151,7067,1068091,0,0,0,0,0,0,0,0,0,0,0
18/06/2021,09:33:22,T,650,650,1,1,50,151,7090,1071414,0,0,0,0,0,0,0,0,0,0,0
18/06/2021,09:33:52,T,650,650,2,1,50,151,7114,1074888,0,0,0,0,0,0,0,0,0,0,0
18/06/2021,09:34:23,T,650,650,1,1,50,151,7135,1078363,0,0,0,0,0,0,0,0,0,0,0
18/06/2021,09:34:35,S,692,650,1,1,50,151,7145,1079722,0,0,0,0,0,0,0,0,0,0,0
18/06/2021,09:34:37,S,190,12,3,1,50,151,7145,1079722,0,0,0,0,0,0,0,0,0,0,0
18/06/2021,09:35:08,T,190,12,3,1,50,151,7145,1079722,0,0,0,0,0,0,0,0,0,0,0
18/06/2021,09:35:39,T,190,12,3,1,50,151,7145,1079722,0,0,0,0,0,0,0,0,0,0,0
18/06/2021,09:36:10,T,190,12,3,1,50,151,7145,1079722,0,0,0,0,0,0,0,0,0,0,0
18/06/2021,09:36:39,S,191,12,3,1,50,151,7145,1079722,0,0,0,0,0,0,0,0,0,0,0
18/06/2021,09:36:43,S,190,12,3,1,50,151,7145,1079722,0,0,0,0,0,0,0,0,0,0,0
18/06/2021,09:36:55,S,191,650,1,1,50,151,7146,1079722,0,0,0,0,0,0,0,0,0,0,0
18/06/2021,09:36:57,S,650,650,1,1,50,151,7146,1079722,0,0,0,0,0,0,0,0,0,0,0
18/06/2021,09:37:28,T,650,650,1,1,50,151,7171,1083649,0,0,0,0,0,0,0,0,0,0,0
18/06/2021,09:37:59,T,650,650,1,1,50,151,7180,1085008,0,0,0,0,0,0,0,0,0,0,0
18/06/2021,09:38:29,T,650,650,1,1,50,151,7202,1088331,0,0,0,0,0,0,0,0,0,0,0
18/06/2021,09:39:00,T,650,650,2,1,50,151,7224,1091504,0,0,0,0,0,0,0,0,0,0,0
18/06/2021,09:39:31,T,650,650,1,1,50,151,7247,1095129,0,0,0,0,0,0,0,0,0,0,0
18/06/2021,09:40:02,T,650,650,1,1,50,151,7269,1098604,0,0,0,0,0,0,0,0,0,0,0
18/06/2021,09:40:33,T,650,650,1,1,50,151,7292,1101928,0,0,0,0,0,0,0,0,0,0,0
18/06/2021,09:41:03,T,650,650,1,1,50,151,7316,1105558,0,0,0,0,0,0,0,0,0,0,0
18/06/2021,09:41:34,T,650,650,1,1,50,151,7337,1108729,0,0,0,0,0,0,0,0,0,0,0
18/06/2021,09:42:05,T,650,650,1,1,50,151,7361,1112355,0,0,0,0,0,0,0,0,0,0,0
18/06/2021,09:42:36,T,650,650,1,1,50,151,7384,1115832,0,0,0,0,0,0,0,0,0,0,0
18/06/2021,09:43:06,T,650,650,1,1,50,151,7406,1119306,0,0,0,0,0,0,0,0,0,0,0
18/06/2021,09:43:37,T,650,650,1,1,50,151,7427,1122331,0,0,0,0,0,0,0,0,0,0,0
18/06/2021,09:44:08,T,650,650,1,1,50,151,7451,1125959,0,0,0,0,0,0,0,0,0,0,0
18/06/2021,09:44:39,T,650,650,1,1,50,151,7476,1129737,0,0,0,0,0,0,0,0,0,0,0
18/06/2021,09:45:10,T,650,650,1,1,50,151,7492,1132156,0,0,0,0,0,0,0,0,0,0,0
18/06/2021,09:45:40,T,650,650,1,1,50,151,7504,1133817,0,0,0,0,0,0,0,0,0,0,0
18/06/2021,09:46:11,T,650,650,1,1,50,151,7519,1136234,0,0,0,0,0,0,0,0,0,0,0
18/06/2021,09:46:42,T,650,650,2,1,50,151,7521,1136386,0,0,0,0,0,0,0,0,0,0,0
18/06/2021,09:47:13,T,650,650,2,1,50,151,7536,1138654,0,0,0,0,0,0,0,0,0,0,0
18/06/2021,09:47:44,T,650,650,2,1,50,151,7536,1138654,0,0,0,0,0,0,0,0,0,0,0
18/06/2021,09:48:14,T,650,650,2,1,50,151,7536,1138654,0,0,0,0,0,0,0,0,0,0,0
18/06/2021,09:48:45,T,650,650,2,1,50,151,7536,1138654,0,0,0,0,0,0,0,0,0,0,0
18/06/2021,09:49:16,T,650,650,2,1,50,151,7536,1138654,0,0,0,0,0,0,0,0,0,0,0
18/06/2021,09:49:47,T,650,650,2,1,50,151,7536,1138654,0,0,0,0,0,0,0,0,0,0,0
18/06/2021,09:50:17,T,650,650,2,1,50,151,7536,1138654,0,0,0,0,0,0,0,0,0,0,0
18/06/2021,09:50:48,T,650,650,2,1,50,151,7536,1138654,0,0,0,0,0,0,0,0,0,0,0
18/06/2021,09:51:19,T,650,650,2,1,50,151,7536,1138654,0,0,0,0,0,0,0,0,0,0,0
18/06/2021,09:51:50,T,650,650,2,1,50,151,7536,1138654,0,0,0,0,0,0,0,0,0,0,0
18/06/2021,09:52:21,T,650,650,2,1,50,151,7536,1138654,0,0,0,0,0,0,0,0,0,0,0
18/06/2021,09:52:51,T,650,650,2,1,50,151,7536,1138654,0,0,0,0,0,0,0,0,0,0,0
18/06/2021,09:53:22,T,650,650,2,1,50,151,7536,1138654,0,0,0,0,0,0,0,0,0,0,0
18/06/2021,09:53:53,T,650,650,2,1,50,151,7536,1138654,0,0,0,0,0,0,0,0,0,0,0
18/06/2021,09:54:24,T,650,650,2,1,50,151,7536,1138654,0,0,0,0,0,0,0,0,0,0,0
18/06/2021,09:54:55,T,650,650,2,1,50,151,7536,1138654,0,0,0,0,0,0,0,0,0,0,0
18/06/2021,09:55:25,T,650,650,2,1,50,151,7536,1138654,0,0,0,0,0,0,0,0,0,0,0
18/06/2021,09:55:56,T,650,650,2,1,50,151,7536,1138654,0,0,0,0,0,0,0,0,0,0,0
18/06/2021,09:56:27,T,650,650,2,1,50,151,7536,1138654,0,0,0,0,0,0,0,0,0,0,0
18/06/2021,09:56:58,T,650,650,2,1,50,151,7536,1138654,0,0,0,0,0,0,0,0,0,0,0
18/06/2021,09:57:28,T,650,650,2,1,50,151,7536,1138654,0,0,0,0,0,0,0,0,0,0,0
18/06/2021,09:57:59,T,650,650,2,1,50,151,7536,1138654,0,0,0,0,0,0,0,0,0,0,0
18/06/2021,09:58:30,T,650,650,2,1,50,151,7536,1138654,0,0,0,0,0,0,0,0,0,0,0
18/06/2021,09:59:01,T,650,650,2,1,50,151,7536,1138654,0,0,0,0,0,0,0,0,0,0,0
18/06/2021,09:59:32,T,650,650,2,1,50,151,7536,1138654,0,0,0,0,0,0,0,0,0,0,0
18/06/2021,10:00:02,T,650,650,2,1,50,151,7536,1138654,0,0,0,0,0,0,0,0,0,0,0
18/06/2021,10:00:33,T,650,650,2,1,50,151,7536,1138654,0,0,0,0,0,0,0,0,0,0,0
18/06/2021,10:01:04,T,650,650,2,1,50,151,7536,1138654,0,0,0,0,0,0,0,0,0,0,0
18/06/2021,10:01:35,T,650,650,2,1,50,151,7536,1138654,0,0,0,0,0,0,0,0,0,0,0
18/06/2021,10:02:06,T,650,650,2,1,50,151,7536,1138654,0,0,0,0,0,0,0,0,0,0,0
18/06/2021,10:02:36,T,650,650,2,1,50,151,7536,1138654,0,0,0,0,0,0,0,0,0,0,0
18/06/2021,10:03:07,T,650,650,2,1,50,151,7536,1138654,0,0,0,0,0,0,0,0,0,0,0
18/06/2021,10:03:38,T,650,650,2,1,50,151,7536,1138654,0,0,0,0,0,0,0,0,0,0,0
18/06/2021,10:04:09,T,650,650,2,1,50,151,7536,1138654,0,0,0,0,0,0,0,0,0,0,0
18/06/2021,10:04:40,T,650,650,2,1,50,151,7536,1138654,0,0,0,0,0,0,0,0,0,0,0
18/06/2021,10:05:10,T,650,650,2,1,50,151,7536,1138654,0,0,0,0,0,0,0,0,0,0,0
18/06/2021,10:05:41,T,650,650,2,1,50,151,7536,1138654,0,0,0,0,0,0,0,0,0,0,0
18/06/2021,10:06:12,T,650,650,2,1,50,151,7536,1138654,0,0,0,0,0,0,0,0,0,0,0
18/06/2021,10:06:43,T,650,650,2,1,50,151,7536,1138654,0,0,0,0,0,0,0,0,0,0,0
18/06/2021,10:07:13,T,650,650,2,1,50,151,7536,1138654,0,0,0,0,0,0,0,0,0,0,0
18/06/2021,10:07:44,T,650,650,2,1,50,151,7536,1138654,0,0,0,0,0,0,0,0,0,0,0
18/06/2021,10:08:15,T,650,650,2,1,50,151,7536,1138654,0,0,0,0,0,0,0,0,0,0,0
18/06/2021,10:08:46,T,650,650,2,1,50,151,7536,1138654,0,0,0,0,0,0,0,0,0,0,0
18/06/2021,10:09:17,T,650,650,2,1,50,151,7536,1138654,0,0,0,0,0,0,0,0,0,0,0
18/06/2021,10:09:47,T,650,650,2,1,50,151,7536,1138654,0,0,0,0,0,0,0,0,0,0,0
18/06/2021,10:10:18,T,650,650,2,1,50,151,7536,1138654,0,0,0,0,0,0,0,0,0,0,0
18/06/2021,10:10:49,T,650,650,2,1,50,151,7536,1138654,0,0,0,0,0,0,0,0,0,0,0
18/06/2021,10:11:20,T,650,650,2,1,50,151,7536,1138654,0,0,0,0,0,0,0,0,0,0,0
18/06/2021,10:11:51,T,650,650,2,1,50,151,7536,1138654,0,0,0,0,0,0,0,0,0,0,0
18/06/2021,10:12:21,T,650,650,2,1,50,151,7536,1138654,0,0,0,0,0,0,0,0,0,0,0
18/06/2021,10:12:52,T,650,650,2,1,50,151,7536,1138654,0,0,0,0,0,0,0,0,0,0,0
18/06/2021,10:13:23,T,650,650,2,1,50,151,7536,1138654,0,0,0,0,0,0,0,0,0,0,0
18/06/2021,10:13:54,T,650,650,2,1,50,151,7536,1138654,0,0,0,0,0,0,0,0,0,0,0
18/06/2021,10:14:24,T,650,650,2,1,50,151,7536,1138654,0,0,0,0,0,0,0,0,0,0,0
18/06/2021,10:14:55,T,650,650,2,1,50,151,7536,1138654,0,0,0,0,0,0,0,0,0,0,0
18/06/2021,10:15:26,T,650,650,2,1,50,151,7536,1138654,0,0,0,0,0,0,0,0,0,0,0
18/06/2021,10:15:57,T,650,650,2,1,50,151,7536,1138654,0,0,0,0,0,0,0,0,0,0,0
18/06/2021,10:16:28,T,650,650,2,1,50,151,7536,1138654,0,0,0,0,0,0,0,0,0,0,0
18/06/2021,10:16:58,T,650,650,2,1,50,151,7536,1138654,0,0,0,0,0,0,0,0,0,0,0
18/06/2021,10:17:29,T,650,650,2,1,50,151,7536,1138654,0,0,0,0,0,0,0,0,0,0,0
18/06/2021,10:18:00,T,650,650,2,1,50,151,7536,1138654,0,0,0,0,0,0,0,0,0,0,0
18/06/2021,10:18:31,T,650,650,2,1,50,151,7536,1138654,0,0,0,0,0,0,0,0,0,0,0
18/06/2021,10:19:02,T,650,650,2,1,50,151,7536,1138654,0,0,0,0,0,0,0,0,0,0,0
18/06/2021,10:19:32,T,650,650,2,1,50,151,7536,1138654,0,0,0,0,0,0,0,0,0,0,0
18/06/2021,10:20:03,T,650,650,2,1,50,151,7536,1138654,0,0,0,0,0,0,0,0,0,0,0
18/06/2021,10:20:34,T,650,650,2,1,50,151,7536,1138654,0,0,0,0,0,0,0,0,0,0,0
18/06/2021,10:21:05,T,650,650,2,1,50,151,7536,1138654,0,0,0,0,0,0,0,0,0,0,0
18/06/2021,10:21:36,T,650,650,2,1,50,151,7536,1138654,0,0,0,0,0,0,0,0,0,0,0
18/06/2021,10:22:06,T,650,650,2,1,50,151,7536,1138654,0,0,0,0,0,0,0,0,0,0,0
18/06/2021,10:22:37,T,650,650,2,1,50,151,7536,1138654,0,0,0,0,0,0,0,0,0,0,0
18/06/2021,10:23:08,T,650,650,2,1,50,151,7536,1138654,0,0,0,0,0,0,0,0,0,0,0
18/06/2021,10:23:39,T,650,650,2,1,50,151,7536,1138654,0,0,0,0,0,0,0,0,0,0,0
18/06/2021,10:24:09,T,650,650,2,1,50,151,7536,1138654,0,0,0,0,0,0,0,0,0,0,0
18/06/2021,10:24:40,T,650,650,2,1,50,151,7536,1138654,0,0,0,0,0,0,0,0,0,0,0
18/06/2021,10:25:11,T,650,650,2,1,50,151,7536,1138654,0,0,0,0,0,0,0,0,0,0,0
18/06/2021,10:25:42,T,650,650,2,1,50,151,7536,1138654,0,0,0,0,0,0,0,0,0,0,0
18/06/2021,10:26:13,T,650,650,2,1,50,151,7536,1138654,0,0,0,0,0,0,0,0,0,0,0
18/06/2021,10:26:43,T,650,650,2,1,50,151,7536,1138654,0,0,0,0,0,0,0,0,0,0,0
18/06/2021,10:27:14,T,650,650,2,1,50,151,7536,1138654,0,0,0,0,0,0,0,0,0,0,0
18/06/2021,10:27:45,T,650,650,2,1,50,151,7536,1138654,0,0,0,0,0,0,0,0,0,0,0
18/06/2021,10:28:16,T,650,650,2,1,50,151,7536,1138654,0,0,0,0,0,0,0,0,0,0,0
18/06/2021,10:28:47,T,650,650,2,1,50,151,7540,1139258,0,0,0,0,0,0,0,0,0,0,0
18/06/2021,10:29:17,T,650,650,1,1,50,151,7547,1140467,0,0,0,0,0,0,0,0,0,0,0
18/06/2021,10:29:48,T,650,650,1,1,50,151,7565,1143042,0,0,0,0,0,0,0,0,0,0,0
18/06/2021,10:30:19,T,650,650,1,1,50,151,7584,1146065,0,0,0,0,0,0,0,0,0,0,0
18/06/2021,10:30:50,T,650,650,2,1,50,151,7599,1148332,0,0,0,0,0,0,0,0,0,0,0
18/06/2021,10:31:20,T,650,650,1,1,50,151,7611,1150146,0,0,0,0,0,0,0,0,0,0,0
18/06/2021,10:31:51,T,650,650,2,1,50,151,7621,1151506,0,0,0,0,0,0,0,0,0,0,0
18/06/2021,10:32:22,T,650,650,2,1,50,151,7630,1152866,0,0,0,0,0,0,0,0,0,0,0
18/06/2021,10:32:53,T,650,650,2,1,50,151,7639,1154226,0,0,0,0,0,0,0,0,0,0,0
18/06/2021,10:33:24,T,650,650,1,1,50,151,7644,1155133,0,0,0,0,0,0,0,0,0,0,0
18/06/2021,10:33:54,T,650,650,1,1,50,151,7659,1157552,0,0,0,0,0,0,0,0,0,0,0
18/06/2021,10:34:25,T,650,650,2,1,50,151,7674,1159516,0,0,0,0,0,0,0,0,0,0,0
18/06/2021,10:34:56,T,650,650,1,1,50,151,7693,1162538,0,0,0,0,0,0,0,0,0,0,0
18/06/2021,10:35:27,T,650,650,2,1,50,151,7704,1164200,0,0,0,0,0,0,0,0,0,0,0
18/06/2021,10:35:58,T,650,650,1,1,50,151,7721,1166770,0,0,0,0,0,0,0,0,0,0,0
18/06/2021,10:36:28,T,650,650,1,1,50,151,7739,1169490,0,0,0,0,0,0,0,0,0,0,0
18/06/2021,10:36:59,T,650,650,1,1,50,151,7752,1171454,0,0,0,0,0,0,0,0,0,0,0
18/06/2021,10:37:30,T,650,650,1,1,50,151,7769,1174022,0,0,0,0,0,0,0,0,0,0,0
18/06/2021,10:38:01,T,650,650,1,1,50,151,7787,1176741,0,0,0,0,0,0,0,0,0,0,0
18/06/2021,10:38:31,T,650,650,1,1,50,151,7805,1179460,0,0,0,0,0,0,0,0,0,0,0
18/06/2021,10:39:02,T,650,650,2,1,50,151,7818,1181273,0,0,0,0,0,0,0,0,0,0,0
18/06/2021,10:39:33,T,650,650,1,1,50,151,7839,1184598,0,0,0,0,0,0,0,0,0,0,0
18/06/2021,10:40:04,T,650,650,1,1,50,151,7863,1188226,0,0,0,0,0,0,0,0,0,0,0
18/06/2021,10:40:35,T,650,650,1,1,50,151,7886,1191701,0,0,0,0,0,0,0,0,0,0,0
18/06/2021,10:41:05,T,650,650,1,1,50,151,7901,1193968,0,0,0,0,0,0,0,0,0,0,0
18/06/2021,10:41:36,T,650,650,1,1,50,151,7917,1196385,0,0,0,0,0,0,0,0,0,0,0
18/06/2021,10:42:07,T,650,650,1,1,50,151,7937,1199406,0,0,0,0,0,0,0,0,0,0,0
18/06/2021,10:42:38,T,650,650,1,1,50,151,7954,1201976,0,0,0,0,0,0,0,0,0,0,0
18/06/2021,10:43:09,T,650,650,1,1,50,151,7967,1203944,0,0,0,0,0,0,0,0,0,0,0
18/06/2021,10:43:39,T,650,650,1,1,50,151,7987,1206965,0,0,0,0,0,0,0,0,0,0,0
18/06/2021,10:44:10,T,650,650,1,1,50,151,8004,1209533,0,0,0,0,0,0,0,0,0,0,0
18/06/2021,10:44:41,T,650,650,2,1,50,151,8018,1211497,0,0,0,0,0,0,0,0,0,0,0
18/06/2021,10:45:12,T,650,650,1,1,50,151,8029,1213310,0,0,0,0,0,0,0,0,0,0,0
18/06/2021,10:45:42,T,650,650,1,1,50,151,8040,1214825,0,0,0,0,0,0,0,0,0,0,0
18/06/2021,10:46:07,S,692,650,1,1,50,151,8052,1217091,0,0,0,0,0,0,0,0,0,0,0
18/06/2021,10:46:09,S,40,40,3,1,50,151,8052,1217091,0,0,0,0,0,0,0,0,0,0,0
18/06/2021,10:46:26,S,300,40,3,1,50,151,8052,1217091,0,0,0,0,0,0,0,0,0,0,0
18/06/2021,10:46:38,S,600,650,1,1,50,151,8052,1217091,0,0,0,0,0,0,0,0,0,0,0
18/06/2021,10:46:40,S,650,650,1,1,50,151,8054,1217242,0,0,0,0,0,0,0,0,0,0,0
18/06/2021,10:47:11,T,650,650,2,1,50,151,8077,1220566,0,0,0,0,0,0,0,0,0,0,0
18/06/2021,10:47:42,T,650,650,2,1,50,151,8094,1223136,0,0,0,0,0,0,0,0,0,0,0
18/06/2021,10:48:12,T,650,650,1,1,50,151,8102,1224496,0,0,0,0,0,0,0,0,0,0,0
18/06/2021,10:48:43,T,650,650,2,1,50,151,8121,1227216,0,0,0,0,0,0,0,0,0,0,0
18/06/2021,10:49:14,T,650,650,1,1,50,151,8132,1229032,0,0,0,0,0,0,0,0,0,0,0
18/06/2021,10:49:45,T,650,650,1,1,50,151,8146,1231149,0,0,0,0,0,0,0,0,0,0,0
18/06/2021,10:50:15,T,650,650,1,1,50,151,8159,1233115,0,0,0,0,0,0,0,0,0,0,0
18/06/2021,10:50:46,T,650,650,1,1,50,151,8177,1235834,0,0,0,0,0,0,0,0,0,0,0
18/06/2021,10:51:17,T,650,650,1,1,50,151,8195,1238553,0,0,0,0,0,0,0,0,0,0,0
18/06/2021,10:51:48,T,650,650,2,1,50,151,8210,1240667,0,0,0,0,0,0,0,0,0,0,0
18/06/2021,10:52:19,T,650,650,2,1,50,151,8226,1243085,0,0,0,0,0,0,0,0,0,0,0
18/06/2021,10:52:49,T,650,650,1,1,50,151,8240,1245353,0,0,0,0,0,0,0,0,0,0,0
18/06/2021,10:53:20,T,650,650,1,1,50,151,8260,1248376,0,0,0,0,0,0,0,0,0,0,0
18/06/2021,10:53:51,T,650,650,1,1,50,151,8278,1251096,0,0,0,0,0,0,0,0,0,0,0
18/06/2021,10:54:22,T,650,650,1,1,50,151,8295,1253515,0,0,0,0,0,0,0,0,0,0,0
18/06/2021,10:54:38,S,190,12,3,1,50,151,8302,1254572,0,0,0,0,0,0,0,0,0,0,0
18/06/2021,10:55:09,T,190,12,3,1,50,151,8302,1254572,0,0,0,0,0,0,0,0,0,0,0
18/06/2021,10:55:40,T,190,12,3,1,50,151,8302,1254572,0,0,0,0,0,0,0,0,0,0,0
18/06/2021,10:55:44,S,191,12,1,1,50,151,8302,1254572,0,0,0,0,0,0,0,0,0,0,0
18/06/2021,10:55:46,S,650,650,1,1,50,151,8302,1254572,0,0,0,0,0,0,0,0,0,0,0
18/06/2021,10:55:50,S,692,650,3,1,50,151,8303,1254874,0,0,0,0,0,0,0,0,0,0,0
18/06/2021,10:55:52,S,9,9,3,1,50,151,8303,1254874,0,0,0,0,0,0,0,0,0,0,0
18/06/2021,10:56:23,T,9,9,3,1,50,151,8303,1254874,0,0,0,0,0,0,0,0,0,0,0
18/06/2021,10:56:33,S,325,9,3,1,50,151,8303,1254874,0,0,0,0,0,0,0,0,0,0,0
18/06/2021,10:57:04,T,325,9,3,1,50,151,8303,1254874,0,0,0,0,0,0,0,0,0,0,0
18/06/2021,10:57:06,S,300,9,3,1,50,151,8303,1254874,0,0,0,0,0,0,0,0,0,0,0
18/06/2021,10:57:08,S,600,9,1,1,50,151,8303,1254874,0,0,0,0,0,0,0,0,0,0,0
18/06/2021,10:57:14,S,650,650,1,1,50,151,8304,1255025,0,0,0,0,0,0,0,0,0,0,0
18/06/2021,10:57:20,S,7,7,3,1,50,151,8307,1255478,0,0,0,0,0,0,0,0,0,0,0
18/06/2021,10:57:22,S,300,7,3,1,50,151,8307,1255478,0,0,0,0,0,0,0,0,0,0,0
18/06/2021,10:57:24,S,550,7,3,1,50,151,8308,1255478,0,0,0,0,0,0,0,0,0,0,0
18/06/2021,10:57:35,S,300,7,3,1,50,151,8308,1255478,0,0,0,0,0,0,0,0,0,0,0
18/06/2021,10:57:39,S,550,7,3,1,50,151,8308,1255478,0,0,0,0,0,0,0,0,0,0,0
18/06/2021,10:57:47,S,600,7,1,1,50,151,8308,1255478,0,0,0,0,0,0,0,0,0,0,0
18/06/2021,10:57:49,S,650,650,1,1,50,151,8308,1255478,0,0,0,0,0,0,0,0,0,0,0
18/06/2021,10:58:20,T,650,650,1,1,50,151,8330,1258954,0,0,0,0,0,0,0,0,0,0,0
18/06/2021,10:58:51,T,650,650,2,1,50,151,8349,1261673,0,0,0,0,0,0,0,0,0,0,0
18/06/2021,10:59:21,T,650,650,2,1,50,151,8355,1262580,0,0,0,0,0,0,0,0,0,0,0
18/06/2021,10:59:52,T,650,650,1,1,50,151,8365,1264241,0,0,0,0,0,0,0,0,0,0,0
18/06/2021,11:00:02,S,692,650,1,1,50,151,8374,1265453,0,0,0,0,0,0,0,0,0,0,0
18/06/2021,11:00:05,S,190,12,3,1,50,151,8374,1265453,0,0,0,0,0,0,0,0,0,0,0
18/06/2021,11:00:09,S,191,650,3,1,50,151,8374,1265453,0,0,0,0,0,0,0,0,0,0,0
18/06/2021,11:00:11,S,650,650,1,1,50,151,8374,1265453,0,0,0,0,0,0,0,0,0,0,0
18/06/2021,11:00:27,S,692,650,3,1,50,151,8383,1266813,0,0,0,0,0,0,0,0,0,0,0
18/06/2021,11:00:29,S,190,12,3,1,50,151,8383,1266813,0,0,0,0,0,0,0,0,0,0,0
18/06/2021,11:00:44,S,650,650,1,1,50,151,8383,1266813,0,0,0,0,0,0,0,0,0,0,0
18/06/2021,11:00:50,S,692,650,1,1,50,151,8387,1267568,0,0,0,0,0,0,0,0,0,0,0
18/06/2021,11:00:54,S,650,650,1,1,50,151,8388,1267568,0,0,0,0,0,0,0,0,0,0,0
18/06/2021,11:01:25,T,650,650,1,1,50,151,8412,1271496,0,0,0,0,0,0,0,0,0,0,0
18/06/2021,11:01:55,T,650,650,1,1,50,151,8438,1275272,0,0,0,0,0,0,0,0,0,0,0
18/06/2021,11:02:10,S,190,12,3,1,50,151,8448,1276782,0,0,0,0,0,0,0,0,0,0,0
18/06/2021,11:02:20,S,650,650,1,1,50,151,8449,1276782,0,0,0,0,0,0,0,0,0,0,0
18/06/2021,11:02:22,S,692,12,3,1,50,151,8449,1276782,0,0,0,0,0,0,0,0,0,0,0
18/06/2021,11:02:24,S,190,12,3,1,50,151,8449,1276782,0,0,0,0,0,0,0,0,0,0,0
18/06/2021,11:02:32,S,191,650,3,1,50,151,8449,1276782,0,0,0,0,0,0,0,0,0,0,0
18/06/2021,11:02:34,S,650,650,3,1,50,151,8449,1276782,0,0,0,0,0,0,0,0,0,0,0
18/06/2021,11:02:36,S,190,12,3,1,50,151,8449,1276782,0,0,0,0,0,0,0,0,0,0,0
18/06/2021,11:03:01,S,191,12,1,1,50,151,8449,1276782,0,0,0,0,0,0,0,0,0,0,0
18/06/2021,11:03:03,S,650,650,1,1,50,151,8449,1276782,0,0,0,0,0,0,0,0,0,0,0
18/06/2021,11:03:11,S,692,12,3,1,50,151,8453,1277537,0,0,0,0,0,0,0,0,0,0,0
18/06/2021,11:03:13,S,190,12,3,1,50,151,8453,1277537,0,0,0,0,0,0,0,0,0,0,0
18/06/2021,11:03:26,S,650,650,1,1,50,151,8454,1277537,0,0,0,0,0,0,0,0,0,0,0
18/06/2021,11:03:56,T,650,650,1,1,50,151,8478,1281314,0,0,0,0,0,0,0,0,0,0,0
18/06/2021,11:04:27,T,650,650,2,1,50,151,8497,1284036,0,0,0,0,0,0,0,0,0,0,0
18/06/2021,11:04:58,T,650,650,1,1,50,151,8508,1285700,0,0,0,0,0,0,0,0,0,0,0
18/06/2021,11:05:29,T,650,650,1,1,50,151,8527,1288720,0,0,0,0,0,0,0,0,0,0,0
18/06/2021,11:05:49,S,692,650,1,1,50,151,8543,1291138,0,0,0,0,0,0,0,0,0,0,0
18/06/2021,11:05:51,S,650,650,3,1,50,151,8544,1291138,0,0,0,0,0,0,0,0,0,0,0
18/06/2021,11:06:02,S,692,650,3,1,50,151,8549,1292044,0,0,0,0,0,0,0,0,0,0,0
18/06/2021,11:06:04,S,190,12,3,1,50,151,8549,1292044,0,0,0,0,0,0,0,0,0,0,0
18/06/2021,11:06:14,S,692,650,3,1,50,151,8549,1292044,0,0,0,0,0,0,0,0,0,0,0
18/06/2021,11:06:16,S,190,12,3,1,50,151,8549,1292044,0,0,0,0,0,0,0,0,0,0,0
18/06/2021,11:06:28,S,650,650,1,1,50,151,8550,1292044,0,0,0,0,0,0,0,0,0,0,0
18/06/2021,11:06:59,T,650,650,1,1,50,151,8574,1295821,0,0,0,0,0,0,0,0,0,0,0
18/06/2021,11:07:30,T,650,650,1,1,50,151,8600,1299749,0,0,0,0,0,0,0,0,0,0,0
18/06/2021,11:08:01,T,650,650,1,1,50,151,8620,1302770,0,0,0,0,0,0,0,0,0,0,0
18/06/2021,11:08:32,T,650,650,1,1,50,151,8639,1305640,0,0,0,0,0,0,0,0,0,0,0
18/06/2021,11:09:02,T,650,650,1,1,50,151,8662,1309114,0,0,0,0,0,0,0,0,0,0,0
18/06/2021,11:09:33,T,650,650,1,1,50,151,8685,1312590,0,0,0,0,0,0,0,0,0,0,0
18/06/2021,11:09:52,S,692,6,3,1,50,151,8694,1313950,0,0,0,0,0,0,0,0,0,0,0
18/06/2021,11:09:54,S,6,6,3,1,50,151,8695,1313950,0,0,0,0,0,0,0,0,0,0,0
18/06/2021,11:09:58,S,600,650,1,1,50,151,8695,1313950,0,0,0,0,0,0,0,0,0,0,0
18/06/2021,11:10:00,S,650,650,1,1,50,151,8695,1313950,0,0,0,0,0,0,0,0,0,0,0
18/06/2021,11:10:31,T,650,650,1,1,50,151,8720,1317877,0,0,0,0,0,0,0,0,0,0,0
18/06/2021,11:11:01,T,650,650,1,1,50,151,8745,1321654,0,0,0,0,0,0,0,0,0,0,0
18/06/2021,11:11:32,T,650,650,2,1,50,151,8764,1324525,0,0,0,0,0,0,0,0,0,0,0
18/06/2021,11:12:03,T,650,650,2,1,50,151,8778,1326641,0,0,0,0,0,0,0,0,0,0,0
18/06/2021,11:12:34,T,650,650,1,1,50,151,8798,1329661,0,0,0,0,0,0,0,0,0,0,0
18/06/2021,11:13:04,T,650,650,1,1,50,151,8819,1332834,0,0,0,0,0,0,0,0,0,0,0
18/06/2021,11:13:35,T,650,650,1,1,50,151,8843,1336458,0,0,0,0,0,0,0,0,0,0,0
18/06/2021,11:14:06,T,650,650,1,1,50,151,8863,1339480,0,0,0,0,0,0,0,0,0,0,0
18/06/2021,11:14:37,T,650,650,1,1,50,151,8886,1343109,0,0,0,0,0,0,0,0,0,0,0
18/06/2021,11:15:08,T,650,650,2,1,50,151,8904,1345530,0,0,0,0,0,0,0,0,0,0,0
18/06/2021,11:15:38,T,650,650,2,1,50,151,8923,1348399,0,0,0,0,0,0,0,0,0,0,0
18/06/2021,11:16:03,S,692,650,3,1,50,151,8937,1350514,0,0,0,0,0,0,0,0,0,0,0
18/06/2021,11:16:05,S,190,12,3,1,50,151,8937,1350514,0,0,0,0,0,0,0,0,0,0,0
18/06/2021,11:16:36,T,190,12,3,1,50,151,8937,1350514,0,0,0,0,0,0,0,0,0,0,0
18/06/2021,11:17:07,T,190,12,3,1,50,151,8937,1350514,0,0,0,0,0,0,0,0,0,0,0
18/06/2021,11:17:37,S,300,12,3,1,50,151,8937,1350514,0,0,0,0,0,0,0,0,0,0,0
18/06/2021,11:17:42,S,450,12,3,1,50,151,8937,1350514,0,0,0,0,0,0,0,0,0,0,0
18/06/2021,11:17:44,S,300,12,3,1,50,151,8937,1350514,0,0,0,0,0,0,0,0,0,0,0
18/06/2021,11:18:14,T,300,12,3,1,50,151,8937,1350514,0,0,0,0,0,0,0,0,0,0,0
18/06/2021,11:18:25,S,600,12,1,1,50,151,8937,1350514,0,0,0,0,0,0,0,0,0,0,0
18/06/2021,11:18:27,S,650,650,1,1,50,151,8937,1350665,0,0,0,0,0,0,0,0,0,0,0
18/06/2021,11:18:58,T,650,650,1,1,50,151,8955,1353385,0,0,0,0,0,0,0,0,0,0,0
18/06/2021,11:19:28,T,650,650,2,1,50,151,8971,1355652,0,0,0,0,0,0,0,0,0,0,0
18/06/2021,11:19:59,T,650,650,1,1,50,151,8974,1356257,0,0,0,0,0,0,0,0,0,0,0
18/06/2021,11:20:30,T,650,650,1,1,50,151,8995,1359433,0,0,0,0,0,0,0,0,0,0,0
18/06/2021,11:21:01,T,650,650,1,1,50,151,9011,1361850,0,0,0,0,0,0,0,0,0,0,0
18/06/2021,11:21:21,S,692,300,3,1,50,151,9027,1364116,0,0,0,0,0,0,0,0,0,0,0
18/06/2021,11:21:23,S,300,300,3,1,50,151,9027,1364116,0,0,0,0,0,0,0,0,0,0,0
18/06/2021,11:21:25,S,325,300,3,1,50,151,9027,1364116,0,0,0,0,0,0,0,0,0,0,0
18/06/2021,11:21:40,S,300,300,3,1,50,151,9027,1364116,0,0,0,0,0,0,0,0,0,0,0
18/06/2021,11:21:52,S,650,650,1,1,50,151,9027,1364116,0,0,0,0,0,0,0,0,0,0,0
18/06/2021,11:22:23,T,650,650,1,1,50,151,9049,1367590,0,0,0,0,0,0,0,0,0,0,0
18/06/2021,11:22:54,T,650,650,1,1,50,151,9072,1371216,0,0,0,0,0,0,0,0,0,0,0
18/06/2021,11:23:24,T,650,650,1,1,50,151,9092,1374086,0,0,0,0,0,0,0,0,0,0,0
18/06/2021,11:23:55,T,650,650,1,1,50,151,9115,1377560,0,0,0,0,0,0,0,0,0,0,0
18/06/2021,11:24:26,T,650,650,1,1,50,151,9134,1380581,0,0,0,0,0,0,0,0,0,0,0
18/06/2021,11:24:57,T,650,650,1,1,50,151,9157,1383904,0,0,0,0,0,0,0,0,0,0,0
18/06/2021,11:25:27,T,650,650,2,1,50,151,9182,1387529,0,0,0,0,0,0,0,0,0,0,0
18/06/2021,11:25:58,T,650,650,1,1,50,151,9199,1390097,0,0,0,0,0,0,0,0,0,0,0
18/06/2021,11:26:27,S,692,650,1,1,50,151,9216,1392821,0,0,0,0,0,0,0,0,0,0,0
18/06/2021,11:26:29,S,190,12,3,1,50,151,9216,1392821,0,0,0,0,0,0,0,0,0,0,0
18/06/2021,11:27:00,T,190,12,3,1,50,151,9216,1392821,0,0,0,0,0,0,0,0,0,0,0
18/06/2021,11:27:31,T,190,12,3,1,50,151,9216,1392821,0,0,0,0,0,0,0,0,0,0,0
18/06/2021,11:28:01,T,190,12,3,1,50,151,9216,1392821,0,0,0,0,0,0,0,0,0,0,0
18/06/2021,11:28:32,T,190,12,3,1,50,151,9216,1392821,0,0,0,0,0,0,0,0,0,0,0
18/06/2021,11:28:42,S,191,12,1,1,50,151,9216,1392821,0,0,0,0,0,0,0,0,0,0,0
18/06/2021,11:28:45,S,650,650,1,1,50,151,9217,1392821,0,0,0,0,0,0,0,0,0,0,0
18/06/2021,11:29:15,T,650,650,2,1,50,151,9228,1394483,0,0,0,0,0,0,0,0,0,0,0
18/06/2021,11:29:46,T,650,650,1,1,50,151,9239,1396297,0,0,0,0,0,0,0,0,0,0,0
18/06/2021,11:30:17,T,650,650,1,1,50,151,9257,1399017,0,0,0,0,0,0,0,0,0,0,0
18/06/2021,11:30:48,T,650,650,1,1,50,151,9277,1402039,0,0,0,0,0,0,0,0,0,0,0
18/06/2021,11:31:18,T,650,650,2,1,50,151,9297,1404911,0,0,0,0,0,0,0,0,0,0,0
18/06/2021,11:31:49,T,650,650,1,1,50,151,9320,1408539,0,0,0,0,0,0,0,0,0,0,0
18/06/2021,11:32:20,T,650,650,1,1,50,151,9343,1412015,0,0,0,0,0,0,0,0,0,0,0
18/06/2021,11:32:51,T,650,650,1,1,50,151,9366,1415641,0,0,0,0,0,0,0,0,0,0,0
18/06/2021,11:33:22,T,650,650,2,1,50,151,9389,1418813,0,0,0,0,0,0,0,0,0,0,0
18/06/2021,11:33:52,T,650,650,1,1,50,151,9412,1422438,0,0,0,0,0,0,0,0,0,0,0
18/06/2021,11:34:23,T,650,650,1,1,50,151,9436,1426216,0,0,0,0,0,0,0,0,0,0,0
18/06/2021,11:34:54,T,650,650,1,1,50,151,9453,1428634,0,0,0,0,0,0,0,0,0,0,0
18/06/2021,11:35:25,T,650,650,1,1,50,151,9472,1431513,0,0,0,0,0,0,0,0,0,0,0
18/06/2021,11:35:56,T,650,650,1,1,50,151,9493,1434686,0,0,0,0,0,0,0,0,0,0,0
18/06/2021,11:36:26,T,650,650,1,1,50,151,9510,1437255,0,0,0,0,0,0,0,0,0,0,0
18/06/2021,11:36:57,T,650,650,1,1,50,151,9534,1440731,0,0,0,0,0,0,0,0,0,0,0
18/06/2021,11:37:28,T,650,650,1,1,50,151,9553,1443755,0,0,0,0,0,0,0,0,0,0,0
18/06/2021,11:37:59,T,650,650,1,1,50,151,9569,1446020,0,0,0,0,0,0,0,0,0,0,0
18/06/2021,11:38:29,T,650,650,2,1,50,151,9591,1449494,0,0,0,0,0,0,0,0,0,0,0
18/06/2021,11:39:00,T,650,650,1,1,50,151,9614,1452821,0,0,0,0,0,0,0,0,0,0,0
18/06/2021,11:39:31,T,650,650,1,1,50,151,9630,1455390,0,0,0,0,0,0,0,0,0,0,0
18/06/2021,11:40:02,T,650,650,1,1,50,151,9647,1457959,0,0,0,0,0,0,0,0,0,0,0
18/06/2021,11:40:33,T,650,650,1,1,50,151,9666,1460831,0,0,0,0,0,0,0,0,0,0,0
18/06/2021,11:41:03,T,650,650,1,1,50,151,9688,1464154,0,0,0,0,0,0,0,0,0,0,0
18/06/2021,11:41:34,T,650,650,1,1,50,151,9712,1467781,0,0,0,0,0,0,0,0,0,0,0
18/06/2021,11:42:05,T,650,650,1,1,50,151,9734,1471105,0,0,0,0,0,0,0,0,0,0,0
18/06/2021,11:42:36,T,650,650,2,1,50,151,9748,1473078,0,0,0,0,0,0,0,0,0,0,0
18/06/2021,11:43:07,T,650,650,1,1,50,151,9766,1475947,0,0,0,0,0,0,0,0,0,0,0
18/06/2021,11:43:37,T,650,650,1,1,50,151,9784,1478667,0,0,0,0,0,0,0,0,0,0,0
18/06/2021,11:44:08,T,650,650,1,1,50,151,9802,1481385,0,0,0,0,0,0,0,0,0,0,0
18/06/2021,11:44:39,T,650,650,2,1,50,151,9826,1484861,0,0,0,0,0,0,0,0,0,0,0
18/06/2021,11:44:51,S,40,40,1,1,50,151,9826,1485314,0,0,0,0,0,0,0,0,0,0,0
18/06/2021,11:45:22,T,40,40,3,1,50,151,9826,1485314,0,0,0,0,0,0,0,0,0,0,0
18/06/2021,11:45:26,S,300,40,3,1,50,151,9826,1485314,0,0,0,0,0,0,0,0,0,0,0
18/06/2021,11:45:47,S,600,650,1,1,50,151,9826,1485314,0,0,0,0,0,0,0,0,0,0,0
18/06/2021,11:45:49,S,650,650,1,1,50,151,9828,1485465,0,0,0,0,0,0,0,0,0,0,0
18/06/2021,11:46:19,T,650,650,1,1,50,151,9853,1489242,0,0,0,0,0,0,0,0,0,0,0
18/06/2021,11:46:50,T,650,650,1,1,50,151,9871,1491961,0,0,0,0,0,0,0,0,0,0,0
18/06/2021,11:47:21,T,650,650,1,1,50,151,9892,1495133,0,0,0,0,0,0,0,0,0,0,0
18/06/2021,11:47:52,T,650,650,1,1,50,151,9907,1497399,0,0,0,0,0,0,0,0,0,0,0
18/06/2021,11:48:23,T,650,650,2,1,50,151,9927,1500269,0,0,0,0,0,0,0,0,0,0,0
18/06/2021,11:48:53,T,650,650,1,1,50,151,9947,1503441,0,0,0,0,0,0,0,0,0,0,0
18/06/2021,11:49:24,T,650,650,1,1,50,151,9971,1507067,0,0,0,0,0,0,0,0,0,0,0
18/06/2021,11:49:55,T,650,650,2,1,50,151,9990,1509789,0,0,0,0,0,0,0,0,0,0,0
18/06/2021,11:50:26,T,650,650,1,1,50,151,10009,1512813,0,0,0,0,0,0,0,0,0,0,0
18/06/2021,11:50:34,S,692,650,1,1,50,151,10014,1513719,0,0,0,0,0,0,0,0,0,0,0
18/06/2021,11:50:36,S,40,40,3,1,50,151,10014,1513719,0,0,0,0,0,0,0,0,0,0,0
18/06/2021,11:51:07,T,40,40,3,1,50,151,10014,1513719,0,0,0,0,0,0,0,0,0,0,0
18/06/2021,11:51:21,S,300,40,3,1,50,151,10014,1513719,0,0,0,0,0,0,0,0,0,0,0
18/06/2021,11:51:33,S,600,40,1,1,50,151,10014,1513719,0,0,0,0,0,0,0,0,0,0,0
18/06/2021,11:51:36,S,650,650,1,1,50,151,10015,1513870,0,0,0,0,0,0,0,0,0,0,0
18/06/2021,11:52:06,T,650,650,1,1,50,151,10038,1517344,0,0,0,0,0,0,0,0,0,0,0
18/06/2021,11:52:37,T,650,650,1,1,50,151,10060,1520818,0,0,0,0,0,0,0,0,0,0,0
18/06/2021,11:53:08,T,650,650,1,1,50,151,10082,1523990,0,0,0,0,0,0,0,0,0,0,0
18/06/2021,11:53:39,T,650,650,1,1,50,151,10105,1527464,0,0,0,0,0,0,0,0,0,0,0
18/06/2021,11:54:09,T,650,650,1,1,50,151,10128,1530938,0,0,0,0,0,0,0,0,0,0,0
18/06/2021,11:54:40,T,650,650,1,1,50,151,10148,1533960,0,0,0,0,0,0,0,0,0,0,0
18/06/2021,11:55:11,T,650,650,2,1,50,151,10171,1537434,0,0,0,0,0,0,0,0,0,0,0
18/06/2021,11:55:42,T,650,650,1,1,50,151,10189,1540154,0,0,0,0,0,0,0,0,0,0,0
18/06/2021,11:56:13,T,650,650,2,1,50,151,10211,1543327,0,0,0,0,0,0,0,0,0,0,0
18/06/2021,11:56:43,T,650,650,1,1,50,151,10227,1545896,0,0,0,0,0,0,0,0,0,0,0
18/06/2021,11:57:14,T,650,650,1,1,50,151,10250,1549371,0,0,0,0,0,0,0,0,0,0,0
18/06/2021,11:57:45,T,650,650,2,1,50,151,10261,1550881,0,0,0,0,0,0,0,0,0,0,0
18/06/2021,11:58:16,T,650,650,1,1,50,151,10275,1553148,0,0,0,0,0,0,0,0,0,0,0
18/06/2021,11:58:47,T,650,650,1,1,50,151,10298,1556624,0,0,0,0,0,0,0,0,0,0,0
18/06/2021,11:59:17,T,650,650,2,1,50,151,10307,1557833,0,0,0,0,0,0,0,0,0,0,0
18/06/2021,11:59:48,T,650,650,1,1,50,151,10322,1560254,0,0,0,0,0,0,0,0,0,0,0
18/06/2021,12:00:19,T,650,650,1,1,50,151,10346,1563883,0,0,0,0,0,0,0,0,0,0,0
18/06/2021,12:00:50,T,650,650,1,1,50,151,10364,1566602,0,0,0,0,0,0,0,0,0,0,0
18/06/2021,12:01:20,T,650,650,1,1,50,151,10387,1569931,0,0,0,0,0,0,0,0,0,0,0
18/06/2021,12:01:51,T,650,650,1,1,50,151,10412,1573859,0,0,0,0,0,0,0,0,0,0,0
18/06/2021,12:02:22,T,650,650,1,1,50,151,10436,1577485,0,0,0,0,0,0,0,0,0,0,0
18/06/2021,12:02:53,T,650,650,1,1,50,151,10456,1580506,0,0,0,0,0,0,0,0,0,0,0
18/06/2021,12:03:24,T,650,650,1,1,50,151,10474,1583225,0,0,0,0,0,0,0,0,0,0,0
18/06/2021,12:03:54,T,650,650,1,1,50,151,10489,1585492,0,0,0,0,0,0,0,0,0,0,0
18/06/2021,12:04:25,T,650,650,1,1,50,151,10509,1588513,0,0,0,0,0,0,0,0,0,0,0
18/06/2021,12:04:56,T,650,650,1,1,50,151,10529,1591534,0,0,0,0,0,0,0,0,0,0,0
18/06/2021,12:05:27,T,650,650,1,1,50,151,10540,1593195,0,0,0,0,0,0,0,0,0,0,0
18/06/2021,12:05:58,T,650,650,1,1,50,151,10557,1595764,0,0,0,0,0,0,0,0,0,0,0
18/06/2021,12:06:28,T,650,650,1,1,50,151,10576,1598634,0,0,0,0,0,0,0,0,0,0,0
18/06/2021,12:06:59,T,650,650,2,1,50,151,10600,1602108,0,0,0,0,0,0,0,0,0,0,0
18/06/2021,12:07:30,T,650,650,1,1,50,151,10617,1604828,0,0,0,0,0,0,0,0,0,0,0
18/06/2021,12:07:55,S,40,40,3,1,50,151,10629,1606641,0,0,0,0,0,0,0,0,0,0,0
18/06/2021,12:08:25,T,40,40,3,1,50,151,10629,1606641,0,0,0,0,0,0,0,0,0,0,0
18/06/2021,12:08:56,T,40,40,3,1,50,151,10629,1606641,0,0,0,0,0,0,0,0,0,0,0
18/06/2021,12:09:27,T,40,40,3,1,50,151,10629,1606641,0,0,0,0,0,0,0,0,0,0,0
18/06/2021,12:09:58,T,40,40,3,1,50,151,10629,1606641,0,0,0,0,0,0,0,0,0,0,0
18/06/2021,12:10:28,T,40,40,3,1,50,151,10629,1606641,0,0,0,0,0,0,0,0,0,0,0
18/06/2021,12:10:59,T,40,40,3,1,50,151,10629,1606641,0,0,0,0,0,0,0,0,0,0,0
18/06/2021,12:11:07,S,300,40,3,1,50,151,10629,1606641,0,0,0,0,0,0,0,0,0,0,0
18/06/2021,12:11:34,S,600,40,1,1,50,151,10629,1606641,0,0,0,0,0,0,0,0,0,0,0
18/06/2021,12:11:38,S,650,650,1,1,50,151,10629,1606792,0,0,0,0,0,0,0,0,0,0,0
18/06/2021,12:12:09,T,650,650,2,1,50,151,10653,1610418,0,0,0,0,0,0,0,0,0,0,0
18/06/2021,12:12:40,T,650,650,1,1,50,151,10663,1611778,0,0,0,0,0,0,0,0,0,0,0
18/06/2021,12:13:11,T,650,650,1,1,50,151,10684,1614952,0,0,0,0,0,0,0,0,0,0,0
18/06/2021,12:13:41,T,650,650,2,1,50,151,10703,1617827,0,0,0,0,0,0,0,0,0,0,0
18/06/2021,12:14:12,T,650,650,1,1,50,151,10721,1620546,0,0,0,0,0,0,0,0,0,0,0
18/06/2021,12:14:43,T,650,650,1,1,50,151,10734,1622812,0,0,0,0,0,0,0,0,0,0,0
18/06/2021,12:14:47,S,692,9,1,1,50,151,10738,1623115,0,0,0,0,0,0,0,0,0,0,0
18/06/2021,12:14:49,S,9,9,3,1,50,151,10738,1623115,0,0,0,0,0,0,0,0,0,0,0
18/06/2021,12:15:20,T,9,9,3,1,50,151,10738,1623115,0,0,0,0,0,0,0,0,0,0,0
18/06/2021,12:15:47,S,300,9,3,1,50,151,10738,1623115,0,0,0,0,0,0,0,0,0,0,0
18/06/2021,12:15:49,S,600,9,1,1,50,151,10738,1623115,0,0,0,0,0,0,0,0,0,0,0
18/06/2021,12:15:57,S,650,650,3,1,50,151,10738,1623115,0,0,0,0,0,0,0,0,0,0,0
18/06/2021,12:16:01,S,692,650,1,1,50,151,10740,1623568,0,0,0,0,0,0,0,0,0,0,0
18/06/2021,12:16:03,S,9,9,3,1,50,151,10740,1623568,0,0,0,0,0,0,0,0,0,0,0
18/06/2021,12:16:26,S,325,9,3,1,50,151,10740,1623568,0,0,0,0,0,0,0,0,0,0,0
18/06/2021,12:16:36,S,300,9,3,1,50,151,10740,1623568,0,0,0,0,0,0,0,0,0,0,0
18/06/2021,12:17:03,S,600,9,1,1,50,151,10740,1623568,0,0,0,0,0,0,0,0,0,0,0
18/06/2021,12:17:11,S,650,650,3,1,50,151,10741,1623568,0,0,0,0,0,0,0,0,0,0,0
18/06/2021,12:17:42,T,650,650,1,1,50,151,10759,1626438,0,0,0,0,0,0,0,0,0,0,0
18/06/2021,12:18:12,T,650,650,1,1,50,151,10774,1628554,0,0,0,0,0,0,0,0,0,0,0
18/06/2021,12:18:43,T,650,650,1,1,50,151,10793,1631575,0,0,0,0,0,0,0,0,0,0,0
18/06/2021,12:19:14,T,650,650,2,1,50,151,10811,1634144,0,0,0,0,0,0,0,0,0,0,0
18/06/2021,12:19:45,T,650,650,1,1,50,151,10820,1635654,0,0,0,0,0,0,0,0,0,0,0
18/06/2021,12:20:15,T,650,650,2,1,50,151,10844,1639129,0,0,0,0,0,0,0,0,0,0,0
18/06/2021,12:20:46,T,650,650,2,1,50,151,10857,1641093,0,0,0,0,0,0,0,0,0,0,0
18/06/2021,12:21:17,T,650,650,2,1,50,151,10871,1643207,0,0,0,0,0,0,0,0,0,0,0
18/06/2021,12:21:48,T,650,650,1,1,50,151,10889,1646078,0,0,0,0,0,0,0,0,0,0,0
18/06/2021,12:22:19,T,650,650,2,1,50,151,10907,1648645,0,0,0,0,0,0,0,0,0,0,0
18/06/2021,12:22:49,T,650,650,2,1,50,151,10922,1650914,0,0,0,0,0,0,0,0,0,0,0
18/06/2021,12:23:20,T,650,650,1,1,50,151,10943,1654239,0,0,0,0,0,0,0,0,0,0,0
18/06/2021,12:23:51,T,650,650,1,1,50,151,10961,1656958,0,0,0,0,0,0,0,0,0,0,0
18/06/2021,12:24:22,T,650,650,1,1,50,151,10973,1658922,0,0,0,0,0,0,0,0,0,0,0
18/06/2021,12:24:53,T,650,650,1,1,50,151,10990,1661341,0,0,0,0,0,0,0,0,0,0,0
18/06/2021,12:25:23,T,650,650,1,1,50,151,11008,1664060,0,0,0,0,0,0,0,0,0,0,0
18/06/2021,12:25:54,S,692,650,1,1,50,151,11025,1666779,0,0,0,0,0,0,0,0,0,0,0
18/06/2021,12:25:56,S,40,40,3,1,50,151,11025,1666779,0,0,0,0,0,0,0,0,0,0,0
18/06/2021,12:26:19,S,600,40,1,1,50,151,11025,1666779,0,0,0,0,0,0,0,0,0,0,0
18/06/2021,12:26:29,S,650,650,1,1,50,151,11026,1666930,0,0,0,0,0,0,0,0,0,0,0
18/06/2021,12:27:00,T,650,650,1,1,50,151,11048,1670407,0,0,0,0,0,0,0,0,0,0,0
18/06/2021,12:27:31,T,650,650,2,1,50,151,11068,1673131,0,0,0,0,0,0,0,0,0,0,0
18/06/2021,12:28:01,T,650,650,2,1,50,151,11087,1676001,0,0,0,0,0,0,0,0,0,0,0
18/06/2021,12:28:32,T,650,650,1,1,50,151,11095,1677512,0,0,0,0,0,0,0,0,0,0,0
18/06/2021,12:29:03,T,650,650,2,1,50,151,11112,1679780,0,0,0,0,0,0,0,0,0,0,0
18/06/2021,12:29:34,T,650,650,2,1,50,151,11116,1680390,0,0,0,0,0,0,0,0,0,0,0
18/06/2021,12:30:05,T,650,650,2,1,50,151,11124,1681599,0,0,0,0,0,0,0,0,0,0,0
18/06/2021,12:30:35,T,650,650,1,1,50,151,11142,1684473,0,0,0,0,0,0,0,0,0,0,0
18/06/2021,12:31:06,T,650,650,1,1,50,151,11152,1685832,0,0,0,0,0,0,0,0,0,0,0
18/06/2021,12:31:37,T,650,650,1,1,50,151,11173,1689157,0,0,0,0,0,0,0,0,0,0,0
18/06/2021,12:32:08,T,650,650,1,1,50,151,11198,1692934,0,0,0,0,0,0,0,0,0,0,0
18/06/2021,12:32:38,T,650,650,1,1,50,151,11216,1695653,0,0,0,0,0,0,0,0,0,0,0
18/06/2021,12:33:09,T,650,650,1,1,50,151,11234,1698372,0,0,0,0,0,0,0,0,0,0,0
18/06/2021,12:33:40,T,650,650,1,1,50,151,11247,1700337,0,0,0,0,0,0,0,0,0,0,0
18/06/2021,12:34:11,T,650,650,2,1,50,151,11270,1703660,0,0,0,0,0,0,0,0,0,0,0
18/06/2021,12:34:42,T,650,650,1,1,50,151,11291,1706986,0,0,0,0,0,0,0,0,0,0,0
18/06/2021,12:35:12,T,650,650,1,1,50,151,11308,1709555,0,0,0,0,0,0,0,0,0,0,0
18/06/2021,12:35:43,T,650,650,2,1,50,151,11325,1711975,0,0,0,0,0,0,0,0,0,0,0
18/06/2021,12:36:14,T,650,650,1,1,50,151,11347,1715451,0,0,0,0,0,0,0,0,0,0,0
18/06/2021,12:36:45,T,650,650,1,1,50,151,11368,1718626,0,0,0,0,0,0,0,0,0,0,0
18/06/2021,12:37:16,T,650,650,2,1,50,151,11388,1721496,0,0,0,0,0,0,0,0,0,0,0
18/06/2021,12:37:42,S,12,12,3,1,50,151,11406,1724214,0,0,0,0,0,0,0,0,0,0,0
18/06/2021,12:37:44,S,190,12,3,1,50,151,11406,1724214,0,0,0,0,0,0,0,0,0,0,0
18/06/2021,12:38:15,T,190,12,3,1,50,151,11406,1724214,0,0,0,0,0,0,0,0,0,0,0
18/06/2021,12:38:46,T,190,12,3,1,50,151,11406,1724214,0,0,0,0,0,0,0,0,0,0,0
18/06/2021,12:39:17,T,190,12,3,1,50,151,11406,1724214,0,0,0,0,0,0,0,0,0,0,0
18/06/2021,12:39:45,S,191,12,3,1,50,151,11406,1724214,0,0,0,0,0,0,0,0,0,0,0
18/06/2021,12:39:49,S,650,650,1,1,50,151,11406,1724366,0,0,0,0,0,0,0,0,0,0,0
18/06/2021,12:40:06,S,9,9,3,1,50,151,11418,1726178,0,0,0,0,0,0,0,0,0,0,0
18/06/2021,12:40:28,S,325,9,3,1,50,151,11418,1726178,0,0,0,0,0,0,0,0,0,0,0
18/06/2021,12:40:59,T,325,9,3,1,50,151,11418,1726178,0,0,0,0,0,0,0,0,0,0,0
18/06/2021,12:41:30,T,325,9,3,1,50,151,11418,1726178,0,0,0,0,0,0,0,0,0,0,0
18/06/2021,12:42:01,T,325,9,3,1,50,151,11418,1726178,0,0,0,0,0,0,0,0,0,0,0
18/06/2021,12:42:17,S,300,9,3,1,50,151,11418,1726178,0,0,0,0,0,0,0,0,0,0,0
18/06/2021,12:42:19,S,600,9,1,1,50,151,11418,1726178,0,0,0,0,0,0,0,0,0,0,0
18/06/2021,12:42:25,S,650,650,1,1,50,151,11420,1726480,0,0,0,0,0,0,0,0,0,0,0
18/06/2021,12:42:34,S,8,8,3,1,50,151,11424,1727084,0,0,0,0,0,0,0,0,0,0,0
18/06/2021,12:42:36,S,300,8,3,1,50,151,11424,1727084,0,0,0,0,0,0,0,0,0,0,0
18/06/2021,12:42:38,S,550,8,3,1,50,151,11424,1727084,0,0,0,0,0,0,0,0,0,0,0
18/06/2021,12:42:48,S,600,8,1,1,50,151,11425,1727084,0,0,0,0,0,0,0,0,0,0,0
18/06/2021,12:42:50,S,650,650,1,1,50,151,11425,1727084,0,0,0,0,0,0,0,0,0,0,0
18/06/2021,12:43:21,T,650,650,1,1,50,151,11450,1731012,0,0,0,0,0,0,0,0,0,0,0
18/06/2021,12:43:52,T,650,650,2,1,50,151,11473,1734334,0,0,0,0,0,0,0,0,0,0,0
18/06/2021,12:44:22,T,650,650,1,1,50,151,11492,1737357,0,0,0,0,0,0,0,0,0,0,0
18/06/2021,12:44:53,T,650,650,1,1,50,151,11518,1741285,0,0,0,0,0,0,0,0,0,0,0
18/06/2021,12:45:24,T,650,650,1,1,50,151,11536,1744003,0,0,0,0,0,0,0,0,0,0,0
18/06/2021,12:45:55,T,650,650,1,1,50,151,11550,1746271,0,0,0,0,0,0,0,0,0,0,0
18/06/2021,12:46:26,T,650,650,1,1,50,151,11571,1749443,0,0,0,0,0,0,0,0,0,0,0
18/06/2021,12:46:56,T,650,650,1,1,50,151,11589,1752164,0,0,0,0,0,0,0,0,0,0,0
18/06/2021,12:47:23,S,692,12,1,1,50,151,11608,1754884,0,0,0,0,0,0,0,0,0,0,0
18/06/2021,12:47:25,S,190,12,3,1,50,151,11608,1754884,0,0,0,0,0,0,0,0,0,0,0
18/06/2021,12:47:29,S,650,650,1,1,50,151,11608,1754884,0,0,0,0,0,0,0,0,0,0,0
18/06/2021,12:47:37,S,692,650,3,1,50,151,11612,1755639,0,0,0,0,0,0,0,0,0,0,0
18/06/2021,12:47:40,S,650,650,1,1,50,151,11613,1755639,0,0,0,0,0,0,0,0,0,0,0
18/06/2021,12:48:10,T,650,650,1,1,50,151,11637,1759414,0,0,0,0,0,0,0,0,0,0,0
18/06/2021,12:48:41,T,650,650,1,1,50,151,11663,1763343,0,0,0,0,0,0,0,0,0,0,0
18/06/2021,12:49:12,T,650,650,1,1,50,151,11686,1766971,0,0,0,0,0,0,0,0,0,0,0
18/06/2021,12:49:43,T,650,650,1,1,50,151,11710,1770295,0,0,0,0,0,0,0,0,0,0,0
18/06/2021,12:50:13,T,650,650,1,1,50,151,11730,1773474,0,0,0,0,0,0,0,0,0,0,0
18/06/2021,12:50:44,T,650,650,1,1,50,151,11746,1775893,0,0,0,0,0,0,0,0,0,0,0
18/06/2021,12:51:15,T,650,650,2,1,50,151,11763,1778311,0,0,0,0,0,0,0,0,0,0,0
18/06/2021,12:51:46,T,650,650,1,1,50,151,11783,1781484,0,0,0,0,0,0,0,0,0,0,0
18/06/2021,12:52:17,T,650,650,1,1,50,151,11807,1785110,0,0,0,0,0,0,0,0,0,0,0
18/06/2021,12:52:47,T,650,650,1,1,50,151,11824,1787680,0,0,0,0,0,0,0,0,0,0,0
18/06/2021,12:53:18,T,650,650,1,1,50,151,11847,1791006,0,0,0,0,0,0,0,0,0,0,0
18/06/2021,12:53:28,S,692,650,1,1,50,151,11853,1792214,0,0,0,0,0,0,0,0,0,0,0
18/06/2021,12:53:30,S,190,12,3,1,50,151,11853,1792214,0,0,0,0,0,0,0,0,0,0,0
18/06/2021,12:54:01,T,190,12,3,1,50,151,11853,1792214,0,0,0,0,0,0,0,0,0,0,0
18/06/2021,12:54:22,S,191,12,1,1,50,151,11853,1792214,0,0,0,0,0,0,0,0,0,0,0
18/06/2021,12:54:24,S,650,650,1,1,50,151,11855,1792214,0,0,0,0,0,0,0,0,0,0,0
18/06/2021,12:54:55,T,650,650,1,1,50,151,11876,1795546,0,0,0,0,0,0,0,0,0,0,0
18/06/2021,12:55:25,T,650,650,1,1,50,151,11897,1798724,0,0,0,0,0,0,0,0,0,0,0
18/06/2021,12:55:56,T,650,650,2,1,50,151,11918,1801745,0,0,0,0,0,0,0,0,0,0,0
18/06/2021,12:56:27,T,650,650,1,1,50,151,11935,1804466,0,0,0,0,0,0,0,0,0,0,0
18/06/2021,12:56:58,T,650,650,1,1,50,151,11954,1807186,0,0,0,0,0,0,0,0,0,0,0
18/06/2021,12:57:29,T,650,650,1,1,50,151,11970,1809756,0,0,0,0,0,0,0,0,0,0,0
18/06/2021,12:57:59,T,650,650,1,1,50,151,11990,1812779,0,0,0,0,0,0,0,0,0,0,0
18/06/2021,12:58:30,T,650,650,1,1,50,151,12007,1815347,0,0,0,0,0,0,0,0,0,0,0
18/06/2021,12:59:01,T,650,650,2,1,50,151,12032,1818972,0,0,0,0,0,0,0,0,0,0,0
18/06/2021,12:59:32,T,650,650,1,1,50,151,12040,1820332,0,0,0,0,0,0,0,0,0,0,0
18/06/2021,13:00:03,T,650,650,1,1,50,151,12056,1822754,0,0,0,0,0,0,0,0,0,0,0
18/06/2021,13:00:33,T,650,650,1,1,50,151,12074,1825474,0,0,0,0,0,0,0,0,0,0,0
18/06/2021,13:01:04,T,650,650,1,1,50,151,12097,1828948,0,0,0,0,0,0,0,0,0,0,0
18/06/2021,13:01:35,T,650,650,1,1,50,151,12120,1832423,0,0,0,0,0,0,0,0,0,0,0
18/06/2021,13:02:06,T,650,650,1,1,50,151,12140,1835598,0,0,0,0,0,0,0,0,0,0,0
18/06/2021,13:02:36,T,650,650,1,1,50,151,12158,1838168,0,0,0,0,0,0,0,0,0,0,0
18/06/2021,13:02:51,S,692,650,1,1,50,151,12167,1839531,0,0,0,0,0,0,0,0,0,0,0
18/06/2021,13:02:53,S,190,12,3,1,50,151,12167,1839531,0,0,0,0,0,0,0,0,0,0,0
18/06/2021,13:03:24,T,190,12,3,1,50,151,12167,1839531,0,0,0,0,0,0,0,0,0,0,0
18/06/2021,13:03:46,S,191,12,1,1,50,151,12167,1839531,0,0,0,0,0,0,0,0,0,0,0
18/06/2021,13:03:48,S,650,650,1,1,50,151,12168,1839682,0,0,0,0,0,0,0,0,0,0,0
18/06/2021,13:04:19,T,650,650,1,1,50,151,12191,1843313,0,0,0,0,0,0,0,0,0,0,0
18/06/2021,13:04:50,T,650,650,1,1,50,151,12215,1846788,0,0,0,0,0,0,0,0,0,0,0
18/06/2021,13:05:21,T,650,650,2,1,50,151,12236,1849810,0,0,0,0,0,0,0,0,0,0,0
18/06/2021,13:05:27,S,190,12,3,1,50,151,12236,1849810,0,0,0,0,0,0,0,0,0,0,0
18/06/2021,13:05:58,T,190,12,3,1,50,151,12236,1849810,0,0,0,0,0,0,0,0,0,0,0
18/06/2021,13:06:00,S,191,12,1,1,50,151,12236,1849810,0,0,0,0,0,0,0,0,0,0,0
18/06/2021,13:06:02,S,650,650,1,1,50,151,12236,1849810,0,0,0,0,0,0,0,0,0,0,0
18/06/2021,13:06:32,T,650,650,2,1,50,151,12237,1849961,0,0,0,0,0,0,0,0,0,0,0
18/06/2021,13:07:03,T,650,650,2,1,50,151,12237,1849961,0,0,0,0,0,0,0,0,0,0,0
18/06/2021,13:07:34,T,650,650,2,1,50,151,12237,1849961,0,0,0,0,0,0,0,0,0,0,0
18/06/2021,13:08:05,T,650,650,2,1,50,151,12237,1849961,0,0,0,0,0,0,0,0,0,0,0
18/06/2021,13:08:32,S,692,650,1,1,50,151,12248,1851773,0,0,0,0,0,0,0,0,0,0,0
18/06/2021,13:08:34,S,190,12,3,1,50,151,12248,1851773,0,0,0,0,0,0,0,0,0,0,0
18/06/2021,13:08:52,S,191,12,1,1,50,151,12248,1851773,0,0,0,0,0,0,0,0,0,0,0
18/06/2021,13:08:56,S,190,12,3,1,50,151,12248,1851773,0,0,0,0,0,0,0,0,0,0,0
18/06/2021,13:09:06,S,650,650,1,1,50,151,12249,1851773,0,0,0,0,0,0,0,0,0,0,0
18/06/2021,13:09:33,S,692,650,1,1,50,151,12265,1854341,0,0,0,0,0,0,0,0,0,0,0
18/06/2021,13:09:35,S,190,12,3,1,50,151,12265,1854341,0,0,0,0,0,0,0,0,0,0,0
18/06/2021,13:10:06,T,190,12,3,1,50,151,12265,1854341,0,0,0,0,0,0,0,0,0,0,0
18/06/2021,13:10:37,T,190,12,3,1,50,151,12265,1854341,0,0,0,0,0,0,0,0,0,0,0
18/06/2021,13:10:41,S,191,12,1,1,50,151,12265,1854341,0,0,0,0,0,0,0,0,0,0,0
18/06/2021,13:10:43,S,650,650,1,1,50,151,12266,1854492,0,0,0,0,0,0,0,0,0,0,0
18/06/2021,13:11:14,T,650,650,1,1,50,151,12290,1858118,0,0,0,0,0,0,0,0,0,0,0
18/06/2021,13:11:44,T,650,650,1,1,50,151,12315,1861895,0,0,0,0,0,0,0,0,0,0,0
18/06/2021,13:12:15,T,650,650,1,1,50,151,12341,1865822,0,0,0,0,0,0,0,0,0,0,0
18/06/2021,13:12:46,T,650,650,1,1,50,151,12361,1868843,0,0,0,0,0,0,0,0,0,0,0
18/06/2021,13:13:17,T,650,650,1,1,50,151,12386,1872621,0,0,0,0,0,0,0,0,0,0,0
18/06/2021,13:13:48,T,650,650,1,1,50,151,12410,1876248,0,0,0,0,0,0,0,0,0,0,0
18/06/2021,13:14:18,T,650,650,1,1,50,151,12436,1880178,0,0,0,0,0,0,0,0,0,0,0
18/06/2021,13:14:39,S,692,650,1,1,50,151,12451,1882595,0,0,0,0,0,0,0,0,0,0,0
18/06/2021,13:14:41,S,190,12,3,1,50,151,12451,1882595,0,0,0,0,0,0,0,0,0,0,0
18/06/2021,13:15:12,T,190,12,3,1,50,151,12451,1882595,0,0,0,0,0,0,0,0,0,0,0
18/06/2021,13:15:43,T,190,12,3,1,50,151,12451,1882595,0,0,0,0,0,0,0,0,0,0,0
18/06/2021,13:15:59,S,6,12,3,1,50,151,12451,1882595,0,0,0,0,0,0,0,0,0,0,0
18/06/2021,13:16:09,S,600,12,1,1,50,151,12451,1882595,0,0,0,0,0,0,0,0,0,0,0
18/06/2021,13:16:15,S,190,12,3,1,50,151,12453,1882595,0,0,0,0,0,0,0,0,0,0,0
18/06/2021,13:16:28,S,650,650,1,1,50,151,12453,1882595,0,0,0,0,0,0,0,0,0,0,0
18/06/2021,13:16:58,T,650,650,1,1,50,151,12474,1885918,0,0,0,0,0,0,0,0,0,0,0
18/06/2021,13:17:29,T,650,650,2,1,50,151,12497,1889241,0,0,0,0,0,0,0,0,0,0,0
18/06/2021,13:18:00,T,650,650,2,1,50,151,12497,1889241,0,0,0,0,0,0,0,0,0,0,0
18/06/2021,13:18:29,S,692,650,3,1,50,151,12497,1889241,0,0,0,0,0,0,0,0,0,0,0
18/06/2021,13:18:31,S,190,12,3,1,50,151,12497,1889241,0,0,0,0,0,0,0,0,0,0,0
18/06/2021,13:18:33,S,191,12,1,1,50,151,12497,1889241,0,0,0,0,0,0,0,0,0,0,0
18/06/2021,13:18:37,S,650,650,2,1,50,151,12497,1889392,0,0,0,0,0,0,0,0,0,0,0
18/06/2021,13:19:08,T,650,650,2,1,50,151,12498,1889392,0,0,0,0,0,0,0,0,0,0,0
18/06/2021,13:19:39,T,650,650,1,1,50,151,12512,1891658,0,0,0,0,0,0,0,0,0,0,0
18/06/2021,13:20:09,T,650,650,1,1,50,151,12535,1895140,0,0,0,0,0,0,0,0,0,0,0
18/06/2021,13:20:40,T,650,650,1,1,50,151,12558,1898616,0,0,0,0,0,0,0,0,0,0,0
18/06/2021,13:21:11,T,650,650,1,1,50,151,12579,1901788,0,0,0,0,0,0,0,0,0,0,0
18/06/2021,13:21:19,S,692,650,1,1,50,151,12585,1902694,0,0,0,0,0,0,0,0,0,0,0
18/06/2021,13:21:21,S,190,12,3,1,50,151,12585,1902694,0,0,0,0,0,0,0,0,0,0,0
18/06/2021,13:21:23,S,650,650,1,1,50,151,12586,1902694,0,0,0,0,0,0,0,0,0,0,0
18/06/2021,13:21:31,S,692,650,1,1,50,151,12591,1903600,0,0,0,0,0,0,0,0,0,0,0
18/06/2021,13:21:34,S,191,650,3,1,50,151,12591,1903600,0,0,0,0,0,0,0,0,0,0,0
18/06/2021,13:21:36,S,650,650,1,1,50,151,12592,1903600,0,0,0,0,0,0,0,0,0,0,0
18/06/2021,13:22:06,T,650,650,1,1,50,151,12617,1907527,0,0,0,0,0,0,0,0,0,0,0
18/06/2021,13:22:37,T,650,650,2,1,50,151,12638,1910558,0,0,0,0,0,0,0,0,0,0,0
18/06/2021,13:23:08,T,650,650,1,1,50,151,12652,1912825,0,0,0,0,0,0,0,0,0,0,0
18/06/2021,13:23:39,T,650,650,2,1,50,151,12660,1913883,0,0,0,0,0,0,0,0,0,0,0
18/06/2021,13:24:10,T,650,650,2,1,50,151,12666,1914789,0,0,0,0,0,0,0,0,0,0,0
18/06/2021,13:24:40,T,650,650,2,1,50,151,12666,1914789,0,0,0,0,0,0,0,0,0,0,0
18/06/2021,13:25:11,T,650,650,1,1,50,151,12666,1914789,0,0,0,0,0,0,0,0,0,0,0
18/06/2021,13:25:42,T,650,650,1,1,50,151,12682,1917363,0,0,0,0,0,0,0,0,0,0,0
18/06/2021,13:26:13,T,650,650,1,1,50,151,12692,1918749,0,0,0,0,0,0,0,0,0,0,0
18/06/2021,13:26:43,T,650,650,2,1,50,151,12693,1918901,0,0,0,0,0,0,0,0,0,0,0
18/06/2021,13:27:14,T,650,650,2,1,50,151,12693,1918901,0,0,0,0,0,0,0,0,0,0,0
18/06/2021,13:27:45,T,650,650,2,1,50,151,12693,1918901,0,0,0,0,0,0,0,0,0,0,0
18/06/2021,13:28:16,T,650,650,2,1,50,151,12693,1918901,0,0,0,0,0,0,0,0,0,0,0
18/06/2021,13:28:47,T,650,650,3,1,50,151,12697,1919513,0,0,0,0,0,0,0,0,0,0,0
18/06/2021,13:29:17,T,650,650,3,1,50,151,12697,1919513,0,0,0,0,0,0,0,0,0,0,0
18/06/2021,13:29:48,T,650,650,3,1,50,151,12697,1919513,0,0,0,0,0,0,0,0,0,0,0
18/06/2021,13:30:19,T,650,650,3,1,50,151,12697,1919513,0,0,0,0,0,0,0,0,0,0,0
18/06/2021,13:30:50,T,650,650,3,1,50,151,12697,1919513,0,0,0,0,0,0,0,0,0,0,0
18/06/2021,13:31:16,S,692,650,3,1,50,151,12697,1919513,0,0,0,0,0,0,0,0,0,0,0
18/06/2021,13:31:18,S,300,300,3,1,50,151,12697,1919513,0,0,0,0,0,0,0,0,0,0,0
18/06/2021,13:31:23,S,550,300,3,1,50,151,12697,1919513,0,0,0,0,0,0,0,0,0,0,0
18/06/2021,13:31:25,S,300,300,3,1,50,151,12697,1919513,0,0,0,0,0,0,0,0,0,0,0
18/06/2021,13:31:33,S,550,300,3,1,50,151,12697,1919513,0,0,0,0,0,0,0,0,0,0,0
18/06/2021,13:31:35,S,300,300,3,1,50,151,12697,1919513,0,0,0,0,0,0,0,0,0,0,0
18/06/2021,13:32:06,T,300,300,3,1,50,151,12697,1919513,0,0,0,0,0,0,0,0,0,0,0
18/06/2021,13:32:36,T,300,300,3,1,50,151,12697,1919513,0,0,0,0,0,0,0,0,0,0,0
18/06/2021,13:33:07,T,300,300,3,1,50,151,12697,1919513,0,0,0,0,0,0,0,0,0,0,0
18/06/2021,13:33:38,T,300,300,3,1,50,151,12697,1919513,0,0,0,0,0,0,0,0,0,0,0
18/06/2021,13:34:09,T,300,300,3,1,50,151,12697,1919513,0,0,0,0,0,0,0,0,0,0,0
18/06/2021,13:34:40,T,300,300,3,1,50,151,12697,1919513,0,0,0,0,0,0,0,0,0,0,0
18/06/2021,13:35:10,T,300,300,3,1,50,151,12697,1919513,0,0,0,0,0,0,0,0,0,0,0
18/06/2021,13:35:41,T,300,300,3,1,50,151,12697,1919513,0,0,0,0,0,0,0,0,0,0,0
18/06/2021,13:36:12,T,300,300,3,1,50,151,12697,1919513,0,0,0,0,0,0,0,0,0,0,0
18/06/2021,13:36:43,T,300,300,3,1,50,151,12697,1919513,0,0,0,0,0,0,0,0,0,0,0
18/06/2021,13:36:57,S,325,300,3,1,50,151,12697,1919513,0,0,0,0,0,0,0,0,0,0,0
18/06/2021,13:37:28,T,325,300,3,1,50,151,12697,1919513,0,0,0,0,0,0,0,0,0,0,0
18/06/2021,13:37:59,T,325,300,3,1,50,151,12697,1919513,0,0,0,0,0,0,0,0,0,0,0
18/06/2021,13:38:29,T,325,300,3,1,50,151,12697,1919513,0,0,0,0,0,0,0,0,0,0,0
18/06/2021,13:39:00,T,325,300,3,1,50,151,12697,1919513,0,0,0,0,0,0,0,0,0,0,0
18/06/2021,13:39:31,T,325,300,3,1,50,151,12697,1919513,0,0,0,0,0,0,0,0,0,0,0
18/06/2021,13:40:02,T,325,300,3,1,50,151,12697,1919513,0,0,0,0,0,0,0,0,0,0,0
18/06/2021,13:40:33,T,325,300,3,1,50,151,12697,1919513,0,0,0,0,0,0,0,0,0,0,0
18/06/2021,13:41:03,T,325,300,3,1,50,151,12697,1919513,0,0,0,0,0,0,0,0,0,0,0
18/06/2021,13:41:34,T,325,300,3,1,50,151,12697,1919513,0,0,0,0,0,0,0,0,0,0,0
18/06/2021,13:42:05,T,325,300,3,1,50,151,12697,1919513,0,0,0,0,0,0,0,0,0,0,0
18/06/2021,13:42:36,T,325,300,3,1,50,151,12697,1919513,0,0,0,0,0,0,0,0,0,0,0
18/06/2021,13:43:07,T,325,300,3,1,50,151,12697,1919513,0,0,0,0,0,0,0,0,0,0,0
18/06/2021,13:43:37,T,325,300,3,1,50,151,12697,1919513,0,0,0,0,0,0,0,0,0,0,0
18/06/2021,13:44:08,T,325,300,3,1,50,151,12697,1919513,0,0,0,0,0,0,0,0,0,0,0
18/06/2021,13:44:39,T,325,300,3,1,50,151,12697,1919513,0,0,0,0,0,0,0,0,0,0,0
18/06/2021,13:45:10,T,325,300,3,1,50,151,12697,1919513,0,0,0,0,0,0,0,0,0,0,0
18/06/2021,13:45:41,T,325,300,3,1,50,151,12697,1919513,0,0,0,0,0,0,0,0,0,0,0
18/06/2021,13:46:11,T,325,300,3,1,50,151,12697,1919513,0,0,0,0,0,0,0,0,0,0,0
18/06/2021,13:46:42,T,325,300,3,1,50,151,12697,1919513,0,0,0,0,0,0,0,0,0,0,0
18/06/2021,13:47:13,T,325,300,3,1,50,151,12697,1919513,0,0,0,0,0,0,0,0,0,0,0
18/06/2021,13:47:35,S,300,300,3,1,50,151,12697,1919513,0,0,0,0,0,0,0,0,0,0,0
18/06/2021,13:47:40,S,700,300,3,1,50,151,12697,1919513,0,0,0,0,0,0,0,0,0,0,0